kmers	test1	test2	test3	test5
CAATTTCCAACCAGCGATGACGTATAGATAC	0	1	0	0
ACACCTTCAATGCCCTTCTCGAAGGCGGCCA	1	1	1	1
GCAGGTGGCGGACAACCTCAAGCACGGCTAC	1	1	1	1
TACAAGGAAGTCATTTTTCTTTTAAAGGATA	1	1	1	1
CCCGCGCTTTCCTTATTAATAGGCAGCAAGC	1	1	1	1
GGCTGTTTCCTTCCTGAGCGAAGCCTGGGGA	1	1	1	1
GATTTCACTAGAATCGCCGGTCTCCACACAC	1	0	1	1
AGTTCTTCCACACCTTCAATGCCCTTCTCGA	1	1	1	1
GTCCTCGCGGATATCCGCGTCGGATTCCCTA	1	0	1	1
CAGGTCCTTCAGCGACTCGCGAATCAGCTCG	1	1	1	1
TGCCCGCGCTTTCCTTATTAATAGGCAGCAA	1	1	1	1
AAGCGCTTGAATTCGTTGATGGCGTTGAGCT	1	1	1	1
CGGCGGCCAGCGGATCGATGCTGGGTTCTTC	1	1	1	1
CTCTTGGTGCATAACTCGATGAAGCCCAGCA	1	0	1	1
CCGCGCTTTCCTTATTAATAGGCAGCAAGCG	1	1	1	1
GGGGCCTGACGGTGGCCGTCGAGCCGCCGGA	1	1	1	1
CGCTCAACTTAGGGAATCCGACGCGGATATC	1	0	1	1
GGCGTGGCCTTCGGCGGTCGGGATCACACCA	1	0	1	1
CCCGCCTCCGGTTGCTCCGCCGCCGGCGCCA	1	1	1	1
AAACAGCCTCGACACCGGTTCTCGACAACCT	1	1	1	1
CCACCCGGGTTTCCAGTTCCGGCGGCTCGAC	1	1	1	1
GAGCGCAACGTCCAGGTCGAAGGTGCGCTGA	1	1	1	1
CGGCGCCAGTGCAGCCGGTATCGGCCGCGCC	1	1	1	1
GCATGCATCAGGTGGGTCTTGCCCAGACCGA	1	1	1	1
ATTCAAGCGCTTCTACCGCTCGGTGGACGCA	1	1	1	1
ACGACATCCAGTTCTTCGCCCGTAAGGAGCG	1	1	1	1
CGCCTGGCAGGTGGCGGACAACCTCAAGCAC	1	1	1	1
CGCTGGCCGCCGCCATGCCGGCCGGAGCAGC	1	1	1	1
AATAAAAGCAGGCAGGCCGACGGACGGTCGT	1	1	1	1
ACCTGCTGGCCGCCTTCGAGAAGGGCATTGA	1	1	1	1
GTCGAGACGAGGCTGTTTCCTTCCTGAGCGA	1	0	1	0
CACCATCGAGCTGATTCGCGAGTCGCTGAAG	1	1	1	1
AGAAAAATGACTTCCTTGTATCTATCTATTA	1	0	1	1
CCGAAGCGGGATTTCAGCCGCTCTTCCAGGC	1	1	1	1
CCCAGCGTGTCGAGCGATCCCTATGAGCCGG	1	1	1	1
CTATCTCAACCGTACCTTCACCTTCGAGAAC	1	1	1	1
GGTACATCCCTGCGCACAGCCGTGTGGAAAA	1	1	1	1
CACCCGCTTCAGCGCACCTTCCAGTTCGCGC	1	1	1	1
CCGGAGGCGGGGGAGCCACGTGGGTCTGCGA	1	1	1	1
CGCGGGCCAACTGGTTGGACTTGCCCTCGAC	1	1	1	1
GAAGAGCTGCCGCCAGTGACGACGGCTCCCA	1	1	1	1
CTGGACGTTGCGCTCGGTGCGCACCGCAGGC	1	1	1	1
ACCCCCTTCAAAGCAAGGGTTATCCACAAAG	1	1	1	1
AAGCGCGGGCAACTGACCCTCGCCGCGTTCA	1	1	1	1
GCTGTGGTTGGTCAGCTCCTTGGAGAGCGCC	1	0	1	1
ACCGCTATCCGAAGGAAATCGAAGGCCTGGA	1	1	1	1
GCACGTTGGAACGGATGCGCTGGGCGATGAA	1	1	1	1
AGCGCACCGTCGCCGAGTACTACAAGATCAA	1	1	1	1
CAAGCGGCGTTCGCGCTCGGTGGCGCGCCCG	1	0	1	1
GCAACACCGTGGTGTGATCCCGACCGCCGAA	1	0	1	1
CGACAACCTTTTGCCTGCCGGAGAAACACGC	1	1	1	1
CGCGGCCGATACCGGCTGCACTGGCGCCGGC	1	1	1	1
CAATGCCCTTCTCGAAGGCGGCCAGCAGGTG	1	1	1	1
CGCCATGGCCACCTGGCGCGGGCGCGCCACC	1	0	1	1
TCTTGCCCAGACCGACGCCACCGTAGAGGAA	1	1	1	1
ACGCCATCAACGAATTCAAGCGCTTCTACCG	1	1	1	1
GCAACCACCTGCTGAAGAAGAACCCGAACGC	1	1	1	1
GGGCCAACTGGTTGGACTTGCCCTCGACAAA	1	1	1	1
AGCAGGTGATCCTCACCAGCGACCGCTATCC	1	1	1	1
CCGAGGTATTTCTCGTTCACCCAATCGAGGA	1	1	1	1
TCCGCCACCTGCCAGGCGGCGGCGCGGGCCA	1	1	1	1
CAGGTAGACCACCTTGGCGTTCGGGTTCTTC	1	1	1	1
CAACATCCAGCGCACCGTCGCCGAGTACTAC	1	1	1	1
AACAGCGGGTTGTAGCCGTGCTTGAGGTTGT	1	1	1	1
CTTGTCCTGAAGGGCCAACAGGTCCTTCAGC	1	1	1	1
CAGCTCTTCACGTGGCACTACCACGGGCGCG	1	1	1	1
AGAAAAATGACTTCCTTGTATCTATACGTCA	0	1	0	0
ACCCGGGTTTCCAGTTCCGGCGGCTCGACGG	1	1	1	1
CCGCTTCGGCTGGGGCCTGACGGTGGCCGTC	1	1	1	1
CTGGAAGGTGCGCTGAAGCGGGTGATAGCCC	1	1	1	1
CAGGTCAATTTCCAACCAGCGATGATAGATA	1	0	1	1
AGGAGCGCTCCCAGGAGGAGTTCTTCCACAC	1	1	1	1
CGACGACATCCAGTTCTTCGCCCGTAAGGAG	1	1	1	1
CGACCGTCCGTCGGCCTGCCTGCTTTTATTA	1	1	1	1
AACAGGTCCTTCAGCGACTCGCGAATCAGCT	1	1	1	1
GCCCGCGCCAGGTGGCCATGGCGCTCTCCAA	1	0	1	1
AGAAAAATGACTTCCTTGTATCTATCATCGC	1	0	1	1
CACGTGGGTCTGCGATGGGACGATGGCGGCG	1	1	1	1
GCGCGCGGCGTACGGCTACGCTTGCTGCCTA	1	1	1	1
CGGTGCGCTGGATGTTGTCGATGCTGACCAG	1	1	1	1
CGGCGCTTTTCTGTGCATAACTCGATGAAGC	1	1	1	1
CCAACCAGCGATGACGTATAGATACAAGGAA	0	1	0	0
GGCGACGAATTGCGTGTGTATGCACCCAACC	1	1	1	1
CCTAAGTTGAGCGATCTTACGACAGGCGTGC	1	0	1	1
CCCCAAGCAAATCAAGACCTTAATAAAAGCA	1	1	1	1
AGTGCGAGTGGGCTATCACCCGCTTCAGCGC	1	1	1	1
AGGGCCAACAGGTCCTTCAGCGACTCGCGAA	1	1	1	1
ACTACCACGGGCGCGGCCGATACCGGCTGCA	1	1	1	1
AGCAATTGCGTGTTTCTCCGGCAGGCAAAAG	1	1	1	1
CTCCTGGGAGCGCTCCTTACGGGCGAAGAAC	1	1	1	1
ATTGCGTGTGTATGCACCCAACCGTTTCGTC	1	1	1	1
CGAGGGTCAGTTGCCCGCGCTTTCCTTATTA	1	1	1	1
AGTTGCCCGCGCTTTCCTTATTAATAGGCAG	1	1	1	1
ATGCTCTTGGGACGGCGCTTTTCTGTGCATA	1	1	1	1
CCAGGCGGCGGCGCGGGCCAACTGGTTGGAC	1	1	1	1
ATGCTGGGTTCTTCCGGCTCATAGGGATCGC	1	1	1	1
GCCAGTGACGACGGCTCCCAGCGTGTCGAGC	1	1	1	1
CGCGCTCGGTGGCGCGCCCGCGCCAGGTGGC	1	0	1	1
AGCGCATCCGTTCCAACGTGCGCGAACTGGA	1	1	1	1
GCCCCAAGCAAATCAAGACCTTAATAAAAGC	1	1	1	1
GTTTCGTCCTCGATTGGGTGAACGAGAAATA	1	1	1	1
CAACGAATTCAAGCGCTTCTACCGCTCGGTG	1	1	1	1
CGTACGCCGCGCGCCGCCATCGTCCCATCGC	1	1	1	1
AGCGCAACGTCCAGGTCGAAGGTGCGCTGAA	1	1	1	1
CGGCTACGCTTGCTGCCTATTAATAAGGAAA	1	1	1	1
AGGCCTTCGATTTCCTTCGGATAGCGGTCGC	1	1	1	1
AAGGTACGGTTGAGATAGCTGGTGTGCTTCA	1	1	1	1
ATATCCGATCTGTTGTCCAAGCGGCGTTCGC	1	0	1	1
AAGGATAGAAACGGTTAATGCTCTTGGGACG	1	1	1	1
ATCCACAAAGTCCAGGACGACCGTCCGTCGG	1	1	1	1
CACGCAATTGCTGGGCTTCATCGAGTTATGC	1	1	1	1
AGAGACCGGCGATTCTAGTGAAATCGAACGG	1	1	1	1
AAGAGCATTAACCGTTTCTATCCTTTAAATA	1	0	1	1
AAGGTGAAGGTACGGTTGAGATAGCTGGTGT	1	1	1	1
GATACAAGGAAGTCATTTTTCTTATATATTA	1	0	1	1
TACAAGGAAGTCATTTTTCTTATATATTATA	1	0	1	1
GATGCTGACCAGCTTGTCCTGAAGGGCCAAC	1	1	1	1
AGCGACCGCTATCCGAAGGAAATCGAAGGCC	1	1	1	1
ATCCCTGCGCACAGCCGTGTGGAAAAAACCG	1	1	1	1
ATCGAGGACGAAACGGTTGGGTGCATACACA	1	1	1	1
AAGGTCTTGATTTGCTTGGGGCCTCAGCGCA	1	1	1	1
CGCACTGCTGCCAAAGTTCCACGGACACGGA	1	1	1	1
CGTGCTTGAGGTTGTCCGCCACCTGCCAGGC	1	1	1	1
GCTCTTGGGACGGCGCTTTTCTGTGCATAAC	1	1	1	1
GAGTTATGCACAGAAAAGCGCCGTCCCAAGA	1	1	1	1
GCGCTCGGTGGCGCGCCCGCGCCAGGTGGCC	1	0	1	1
CTGGGCTTCATCGAGTTATGCACAGAAAAGC	1	1	1	1
CGGCCAGCAGGTGATCCTCACCAGCGACCGC	1	1	1	1
CGAAGAACTGGATGTCGTCGATCAACAGTGC	1	1	1	1
AAATGACTTCCTTGTATCTATCATCGCTGGT	1	0	1	1
GTGTGTATGCACCCAACCGTTTCGTCCTCGA	1	1	1	1
GAAGGCCTTGCAGCTCAACGCCATCAACGAA	1	1	1	1
AGCCCACTCGCACTTCATGGGCCGGCCGATC	1	1	1	1
ACCTGTTGGCCCTTCAGGACAAGCTGGTCAG	1	1	1	1
ACGCGGCGAGGGTCAGTTGCCCGCGCTTTCC	1	1	1	1
AGATTGGAAAGGCGGCACAACGAAATAAGCG	1	1	1	1
CAAGACCCACCTGATGCATGCGGTGGGCAAC	1	1	1	1
CGCCTGTCGTAAGATCGCTCAACTTAGGGAA	1	0	1	1
GGGGGATATCCGTGTCCGTGGAACTTTGGCA	1	1	1	1
ACAGCGGGTTGTAGCCGTGCTTGAGGTTGTC	1	1	1	1
AATTCAAGCGCTTCTACCGCTCGGTGGACGC	1	1	1	1
ATGACTTCCTTGTATCTATCATCGCTGGTTG	1	0	1	1
ATCGCTGGTTGGAAATTGACCTGCCCGTTCG	1	1	1	1
GGGCCTGACGGTGGCCGTCGAGCCGCCGGAA	1	1	1	1
CGCCGCTTGGACAACAGATCGGATATCTTGA	1	1	1	1
AAAACCGCTGTGGATAACCATCTCGTTCATC	1	1	1	1
ACACGCTGGGAGCCGTCGTCACTGGCGGCAG	1	1	1	1
ACCGCAGGCGCTGCTCCGGCCGGCATGGCGG	1	1	1	1
ACATGCCGATGCGCTGAGGCCCCAAGCAAAT	1	1	1	1
CGCGAATCAGCTCGATGGTGATCGGCCGGCC	1	1	1	1
AGGCGGCACAACGAAATAAGCGCCTATTGTA	1	1	1	1
CCATGGCCACCTGGCGCGGGCGCGCCACCGA	1	0	1	1
CTCGGTCGGCTTCTGGAACTGCTCGGTGAAC	1	1	1	1
AACCAGCGATGACGTAATAGATAGATACAAG	1	0	1	1
ACCAACCACAGCCTGCCGGAGATCGGCGTGG	1	0	1	1
AGGTCCTTCAGCGACTCGCGAATCAGCTCGA	1	1	1	1
CGTCCAGGTCGAAGGTGCGCTGAAGCACACC	1	1	1	1
CAGCGTGTCGAGCGATCCCTATGAGCCGGAA	1	1	1	1
GCCCTCGACAAAGTTCTCGAAGGTGAAGGTA	1	1	1	1
ACCTGATGCATGCGGTGGGCAACCACCTGCT	1	1	1	1
AAGTCCAACCAGTTGGCCCGCGCCGCCGCCT	1	1	1	1
GAGGACGAAACGGTTGGGTGCATACACACGC	1	1	1	1
CGCGCCCGCGCCAGGTGGCCATGGCGCTCTC	1	0	1	1
CTGGTGTGCTTCAGCGCACCTTCGACCTGGA	1	1	1	1
CGGGTTCTTCTTCAGCAGGTGGTTGCCCACC	1	1	1	1
CGCGAACGCCGCTTGGACAACAGATCGGATA	1	0	1	1
CCGACCGAGGTATTTCTCGTTCACCCAATCG	1	1	1	1
CGAGACGAGGCTGTTTCCTTCCTGAGCGAAG	1	0	1	0
CACGTGGCTCCCCCGCCTCCGGTTGCTCCGC	1	1	1	1
CTACCTGCATTCGGAACGTTTCGTCGCGGAC	1	1	1	1
GAGCGAAGCCTGGGGATGAACGAGATGGTTA	1	1	1	1
ATAGCGGTCGCTGGTGAGGATCACCTGCTGG	1	1	1	1
CGGCACAACGAAATAAGCGCCTATTGTAGCC	1	1	1	1
GATTGGAAAGGCGGCACAACGAAATAAGCGC	1	1	1	1
CAGTTCCAGAAGCCGACCGAGGTATTTCTCG	1	1	1	1
TCCTCCTGGGAGCGCTCCTTACGGGCGAAGA	1	1	1	1
GAGCGATCCCTATGAGCCGGAAGAACCCAGC	1	1	1	1
AACCGTTTCTATCCTTTAAAAGAAAAATGAC	1	1	1	1
ACTTCCTTGTATCTATCTATTACGTCATCGC	1	0	1	1
GAATTCGTTGATGGCGTTGAGCTGCAAGGCC	1	1	1	1
GATGGGACGATGGCGGCGCGCGGCGTACGGC	1	1	1	1
GCGCTTTTCTGTGCATAACTCGATGAAGCCC	1	1	1	1
GCCCACTCGCACTTCATGGGCCGGCCGATCA	1	1	1	1
CCGTGGTAGTGCCACGTGAAGAGCTGCCGCC	1	1	1	1
ACCGGAGGCGGGGGAGCCACGTGGGTCTGCG	1	1	1	1
CCGCCGAAGGCCACGCCGATCTCCGGCAGGC	1	0	1	1
GGAAACAGCCTCGTCTCGACAACCTTCATCA	1	0	1	0
AAGGGCCAACAGGTCCTTCAGCGACTCGCGA	1	1	1	1
ACCTTCGACCTGGACGTTGCGCTCGGTGCGC	1	1	1	1
CACCAGCTATCTCAACCGTACCTTCACCTTC	1	1	1	1
CCCGCGCCGCCGCCTGGCAGGTGGCGGACAA	1	1	1	1
GGCAGGTGGCGGACAACCTCAAGCACGGCTA	1	1	1	1
ATCTTCGCCTGCTCAGCCTTCTTCATCAGGA	1	1	1	1
TAGTGAAATCGAACGGGCAGGTCAATTTCCA	1	1	1	1
AAATTGACCTGCCCGTTCGATTTCACTAGAA	1	1	1	1
AATTGTTGGGACGGCAGCTCATCGCGGAGAA	1	0	1	1
GATTGGGTGAACGAGAAATACCTCGGTCGGC	1	1	1	1
TAATGCTCTTGGGACGGCGCTTTTCTGTGCA	1	1	1	1
AAGGAGCTGACCAACCACAGCCTGCCGGAGA	1	0	1	1
CAAGAGCATTAACCGTTTCTATCCTTTAAAA	1	1	1	1
ATCCGATCTGTTGTCCAAGCGGCGTTCGCGC	1	0	1	1
CTCGATGGTGATCGGCCGGCCCATGAAGTGC	1	1	1	1
AGAAATACCTCGGTCGGCTTCTGGAACTGCT	1	1	1	1
CGTGGTAGTGCCACGTGAAGAGCTGCCGCCA	1	1	1	1
ACGCAATTCGTCGCCTTCGGCTTCGACCTGC	1	1	1	1
CGTCCACCGAGCGGTAGAAGCGCTTGAATTC	1	1	1	1
CCAACCACAGCCTGCCGGAGATCGGCGTGGC	1	0	1	1
ACACGCAATTCGTCGCCTTCGGCTTCGACCT	1	1	1	1
CGGTTGAGATAGCTGGTGTGCTTCAGCGCAC	1	1	1	1
CAAGCAAATCAAGACCTTAATAAAAGCAGGC	1	1	1	1
GGCTGAAATCCCGCTTCGGCTGGGGCCTGAC	1	1	1	1
CGCATGCATCAGGTGGGTCTTGCCCAGACCG	1	1	1	1
CAGGAAGGAAACAGCCTCGACACCGGTTCTC	1	1	1	1
ACTCGCGAATCAGCTCGATGGTGATCGGCCG	1	1	1	1
ACCGTTTCGTCCTCGATTGGGTGAACGAGAA	1	1	1	1
GCGGCGGAGCAACCGGAGGCGGGGGAGCCAC	1	1	1	1
GACACGGATATCCCCCAAAGATTGGAAAGGC	1	1	1	1
AGGAAAGCGCGGGCAACTGACCCTCGCCGCG	1	1	1	1
GATCGCTCGACACGCTGGGAGCCGTCGTCAC	1	1	1	1
CGCAGGCGCTGCTCCGGCCGGCATGGCGGCG	1	1	1	1
CACCGTCAGGCCCCAGCCGAAGCGGGATTTC	1	1	1	1
CTGACCCTCGCCGCGTTCACCGAGCAGTTCC	1	1	1	1
CCTGTCGTAAGATCGCTCAACTTAGGGAATC	1	0	1	1
ACGAGATGGTTATCCACAGCGGTTTTTTCCA	1	1	1	1
CCCCCGCCTCCGGTTGCTCCGCCGCCGGCGC	1	1	1	1
GGACGACCGTCCGTCGGCCTGCCTGCTTTTA	1	1	1	1
CAGCAAGCGTAGCCGTACGCCGCGCGCCGCC	1	1	1	1
AACCGTTTCTATCCTTTAAATATATATAATA	1	0	1	1
GCATCGACAACATCCAGCGCACCGTCGCCGA	1	1	1	1
CACCGCATGCATCAGGTGGGTCTTGCCCAGA	1	1	1	1
GAACTGGATGTCGTCGATCAACAGTGCGTCC	1	1	1	1
GCCGCCGGCGCCAGTGCAGCCGGTATCGGCC	1	1	1	1
AGGCCTTCACCATGTCCGCGACGAAACGTTC	1	1	1	1
ACGCTGGGAGCCGTCGTCACTGGCGGCAGCT	1	1	1	1
TCGCCGAGTACTACAAGATCAAGATATCCGA	1	1	1	1
GCGATGAGCTGCCGTCCCAACAATTCAACAC	1	0	1	1
GAAAAAACCGCTGTGGATAACCATCTCGTTC	1	1	1	1
AGCCCAGCAATTGCGTGTTTCTCCGGCAGGC	1	1	1	1
CCGGCCGATCACCATCGAGCTGATTCGCGAG	1	1	1	1
GGATAACCCTTGCTTTGAAGGGGGTACATCC	1	1	1	1
AAAGAAAAATGACTTCCTTGTATCTATCTAT	1	0	1	1
AGGTCAATTTCCAACCAGCGATGATAGATAC	1	0	1	1
TCCACATGCCGATGCGCTGAGGCCCCAAGCA	1	1	1	1
AGCGTGTCGAGCGATCCCTATGAGCCGGAAG	1	1	1	1
GCCAAAGTTCCACGGACACGGATATCCCCCA	1	1	1	1
CGATGCTGACCAGCTTGTCCTGAAGGGCCAA	1	1	1	1
CTTCAGGACAAGCTGGTCAGCATCGACAACA	1	1	1	1
AGGTGTGGAAGAACTCCTCCTGGGAGCGCTC	1	1	1	1
CAACGAAATAAGCGCCTATTGTAGCCGGACG	1	1	1	1
AGGCAATGATGATGAAGGTTGTCGAGACGAG	1	0	1	0
CGCCGGCGCCAGTGCAGCCGGTATCGGCCGC	1	1	1	1
AAGATCAAGATATCCGATCTGTTGTCCAAGC	1	1	1	1
AACACGCAATTGCTGGGCTTCATCGAGTTAT	1	1	1	1
ATCCTCACCAGCGACCGCTATCCGAAGGAAA	1	1	1	1
AGACCGGCGATTCTAGTGAAATCGAACGGGC	1	1	1	1
CAGTTCGCGCACGTTGGAACGGATGCGCTGG	1	1	1	1
CCGATGCGCTGAGGCCCCAAGCAAATCAAGA	1	1	1	1
AGGTGCGCTGAAGCGGGTGATAGCCCACTCG	1	1	1	1
AAGATCGCTCAACTTAGGGAATCCGACGCGG	1	0	1	1
CCTTCAATGCCCTTCTCGAAGGCGGCCAGCA	1	1	1	1
GCATTAACCGTTTCTATCCTTTAAAAGAAAA	1	1	1	1
AGGCGCTGCTCCGGCCGGCATGGCGGCGGCC	1	1	1	1
ATTCGCGAGTCGCTGAAGGACCTGTTGGCCC	1	1	1	1
CGCTGGTGAGGATCACCTGCTGGCCGCCTTC	1	1	1	1
GCCGGCCGGAGCAGCGCCTGCGGTGCGCACC	1	1	1	1
CCATCAACGAATTCAAGCGCTTCTACCGCTC	1	1	1	1
TGATCGACGACATCCAGTTCTTCGCCCGTAA	1	1	1	1
GCGGACAACCTCAAGCACGGCTACAACCCGC	1	1	1	1
GCCCAGCAATTGCGTGTTTCTCCGGCAGGCA	1	1	1	1
CGTAAGGAGCGCTCCCAGGAGGAGTTCTTCC	1	1	1	1
TGAGGCCCCAAGCAAATCAAGACCTTAATAA	1	1	1	1
CAAAGTTCCACGGACACGGATATCCCCCAAA	1	1	1	1
CCAACGTGCGCGAACTGGAAGGTGCGCTGAA	1	1	1	1
CTTGCCCAGACCGACGCCACCGTAGAGGAAC	1	1	1	1
CTATTGTAGCCGGACGGGCCGGACTTATCCA	1	1	1	1
GGAACGTTTCGTCGCGGACATGGTGAAGGCC	1	1	1	1
ACACGGATATCCCCCAAAGATTGGAAAGGCG	1	1	1	1
ATTAAGGTCTTGATTTGCTTGGGGCCTCAGC	1	1	1	1
TACGGCTACGCTTGCTGCCTATTAATAAGGA	1	1	1	1
GGTGGCGTCGGTCTGGGCAAGACCCACCTGA	1	1	1	1
ATAGATACAAGGAAGTCATTTTTCTTTTAAA	1	1	1	1
CGAAGGTGCGCTGAAGCACACCAGCTATCTC	1	1	1	1
TAGCCGTACGCCGCGCGCCGCCATCGTCCCA	1	1	1	1
CGGCAGCTCTTCACGTGGCACTACCACGGGC	1	1	1	1
AAGCCTGGGGATGAACGAGATGGTTATCCAC	1	1	1	1
ACGTGGGTCTGCGATGGGACGATGGCGGCGC	1	1	1	1
ATATCCGCGTCGGATTCCCTAAGTTGAGCGA	1	0	1	1
GTGTGATCCCGACCGCCGAAGGCCACGCCGA	1	0	1	1
CGGGCGCGGCCGATACCGGCTGCACTGGCGC	1	1	1	1
ATGCCGATGCGCTGAGGCCCCAAGCAAATCA	1	1	1	1
TAGGCGCTTATTTCGTTGTGCCGCCTTTCCA	1	1	1	1
CGGCTGAAATCCCGCTTCGGCTGGGGCCTGA	1	1	1	1
CGGGTGGCGATCCTGATGAAGAAGGCTGAGC	1	1	1	1
CAGCGACTCGCGAATCAGCTCGATGGTGATC	1	1	1	1
AGAAACGGTTAATGCTCTTGGTGCATAACTC	1	0	1	1
CTGCCGCACGATGCGGCCTTCTTCATCGCCC	1	1	1	1
CCGCAGGCGCTGCTCCGGCCGGCATGGCGGC	1	1	1	1
ATATAAGAAAAATGACTTCCTTGTATCTATC	1	0	1	1
AGCGGTAGAAGCGCTTGAATTCGTTGATGGC	1	1	1	1
AGCTTGTCCTGAAGGGCCAACAGGTCCTTCA	1	1	1	1
CGCCGGCGGCGGAGCAACCGGAGGCGGGGGA	1	1	1	1
AGAGCATTAACCGTTTCTATCCTTTAAAAGA	1	1	1	1
CGATGAGCTGCCGTCCCAACAATTCAACACC	1	0	1	1
CAACCACCTGCTGAAGAAGAACCCGAACGCC	1	1	1	1
ACCCAACCGTTTCGTCCTCGATTGGGTGAAC	1	1	1	1
GCAGCTCAACGCCATCAACGAATTCAAGCGC	1	1	1	1
AGGTCAATTTCCAACCAGCGATGACGTAATA	1	0	1	1
ATCACCCGCTTCAGCGCACCTTCCAGTTCGC	1	1	1	1
AGGACGAAACGGTTGGGTGCATACACACGCA	1	1	1	1
GCCGGAGCAGCGCCTGCGGTGCGCACCGAGC	1	1	1	1
TCACCATCGAGCTGATTCGCGAGTCGCTGAA	1	1	1	1
GATAGATACAAGGAAGTCATTTTTCTTTTAA	1	0	1	1
CCGGCAGGCAATGATGATGAAGGTTGTCGAG	1	0	1	0
ACCGTCAGGCCCCAGCCGAAGCGGGATTTCA	1	1	1	1
AGCATTAACCGTTTCTATCCTTTAAAAGAAA	1	1	1	1
CCTTCGAGAAGGGCATTGAAGGTGTGGAAGA	1	1	1	1
AAACGTTCCGAATGCAGGTAGACCACCTTGG	1	1	1	1
ACGGGCGCGGCCGATACCGGCTGCACTGGCG	1	1	1	1
CCAGGTGTTGAATTGTTGGGACGGCAGCTCA	1	1	1	1
CGGTGGACGCACTGTTGATCGACGACATCCA	1	1	1	1
CAGCTCCTTGGAGAGCGCCATGGCCACCTGG	1	0	1	1
AGCGACTCGCGAATCAGCTCGATGGTGATCG	1	1	1	1
ACACGCAATTGCTGGGCTTCATCGAGTTATG	1	1	1	1
AGCGAAGCCTGGGGATGAACGAGATGGTTAT	1	1	1	1
GACCACCTTGGCGTTCGGGTTCTTCTTCAGC	1	1	1	1
CTGAGCAGGCGAAGATCGAGCTGCCGCACGA	1	1	1	1
CGAAGCGGGATTTCAGCCGCTCTTCCAGGCC	1	1	1	1
TCCTTCGGATAGCGGTCGCTGGTGAGGATCA	1	1	1	1
CACGCTGGGAGCCGTCGTCACTGGCGGCAGC	1	1	1	1
CTGGCCGCCGCCATGCCGGCCGGAGCAGCGC	1	1	1	1
GGGTTTCCAGTTCCGGCGGCTCGACGGCCAC	1	1	1	1
CAGCTATCTCAACCGTACCTTCACCTTCGAG	1	1	1	1
AGGTTGTCGAGACGAGGCTGTTTCCTTCCTG	1	0	1	0
ACGCTTGCTGCCTATTAATAAGGAAAGCGCG	1	1	1	1
ATCCGCGTCGGATTCCCTAAGTTGAGCGATC	1	0	1	1
GGGGTACATCCCTGCGCACAGCCGTGTGGAA	1	1	1	1
AAATATATATAATATATAAGAAAAATGACTT	1	0	1	1
CGGCCCATGAAGTGCGAGTGGGCTATCACCC	1	1	1	1
CAGCGCATCGGCATGTGGATAAGTCCGGCCC	1	1	1	1
ACAAGATCAAGATATCCGATCTGTTGTCCAA	1	1	1	1
CACGGGCGCGGCCGATACCGGCTGCACTGGC	1	1	1	1
CAATTCAACACCTGGATCCGTCCCTTGCAGG	1	1	1	1
TCATTTTTCTTATATATTATATATATTTAAA	1	0	1	1
AAGGCTGAGCAGGCGAAGATCGAGCTGCCGC	1	1	1	1
CTCGACGGCCACCGTCAGGCCCCAGCCGAAG	1	1	1	1
CGCGTCGGATTCCCTAAGTTGAGCGATCTTA	1	0	1	1
CGTTCCAACGTGCGCGAACTGGAAGGTGCGC	1	1	1	1
CCTGGAAGAGCGGCTGAAATCCCGCTTCGGC	1	1	1	1
CAGCGATGACGTAATAGATAGATACAAGGAA	1	0	1	1
ACCATGTCCGCGACGAAACGTTCCGAATGCA	1	1	1	1
AATCGAGGACGAAACGGTTGGGTGCATACAC	1	1	1	1
AGAGCGGCTGAAATCCCGCTTCGGCTGGGGC	1	1	1	1
AACCGGTGTCGAGGCTGTTTCCTTCCTGAGC	1	1	1	1
ACGGGCAGGTCAATTTCCAACCAGCGATGAC	1	1	1	1
CTCTACGGTGGCGTCGGTCTGGGCAAGACCC	1	1	1	1
CCTGCTGGCCGCCTTCGAGAAGGGCATTGAA	1	1	1	1
CATCGCAGACCCACGTGGCTCCCCCGCCTCC	1	1	1	1
GAACCCAGCATCGATCCGCTGGCCGCCGCCA	1	1	1	1
CCAAAGTTCCACGGACACGGATATCCCCCAA	1	1	1	1
CCAAGAGCATTAACCGTTTCTATCCTTTAAA	1	1	1	1
ACCACGGTGTTGCACGCCTGTCGTAAGATCG	1	0	1	1
GCGAATCAGCTCGATGGTGATCGGCCGGCCC	1	1	1	1
CGGCTCATAGGGATCGCTCGACACGCTGGGA	1	1	1	1
CCGCACGATGCGGCCTTCTTCATCGCCCAGC	1	1	1	1
AGCGGCGTTCGCGCTCGGTGGCGCGCCCGCG	1	0	1	1
AGGGGGTACATCCCTGCGCACAGCCGTGTGG	1	1	1	1
ATATATATAATATATAAGAAAAATGACTTCC	1	0	1	1
AGCTCCTTGGAGAGCGCCATGGCCACCTGGC	1	0	1	1
AAGTTGAGCGATCTTACGACAGGCGTGCAAC	1	0	1	1
GACTTGCCCTCGACAAAGTTCTCGAAGGTGA	1	1	1	1
ATATCCCCCAAAGATTGGAAAGGCGGCACAA	1	1	1	1
AAAGCAGGCAGGCCGACGGACGGTCGTCCTG	1	1	1	1
ACCTTCCAGTTCGCGCACGTTGGAACGGATG	1	1	1	1
TCTACGGTGGCGTCGGTCTGGGCAAGACCCA	1	1	1	1
CAGCAGGTGATCCTCACCAGCGACCGCTATC	1	1	1	1
GCAGGCAGGCCGACGGACGGTCGTCCTGGAC	1	1	1	1
ACGGCGCTTTTCTGTGCATAACTCGATGAAG	1	1	1	1
ATCTCGTTCATCCCCAGGCTTCGCTCAGGAA	1	1	1	1
TACCCCCTTCAAAGCAAGGGTTATCCACAAA	1	1	1	1
GAAATAAGCGCCTATTGTAGCCGGACGGGCC	1	1	1	1
AAGGGACGGATCCAGGTGTTGAATTGTTGGG	1	1	1	1
CGATTTCACTAGAATCGCCGGTCTCCACACA	1	0	1	1
AGCCGTGTGGAAAAAACCGCTGTGGATAACC	1	1	1	1
AAGGTGTGGAAGAACTCCTCCTGGGAGCGCT	1	1	1	1
AACGGTTAATGCTCTTGGGACGGCGCTTTTC	1	1	1	1
ACAGAAAAGCGCCGTCCCAAGAGCATTAACC	1	1	1	1
ACTCGGCGACGGTGCGCTGGATGTTGTCGAT	1	1	1	1
ATTGCTGGGCTTCATCGAGTTATGCACCAAG	1	0	1	1
CCACACCTTCAATGCCCTTCTCGAAGGCGGC	1	1	1	1
ACCTTAATAAAAGCAGGCAGGCCGACGGACG	1	1	1	1
CGCTCGGTGGACGCACTGTTGATCGACGACA	1	1	1	1
CTCAGGAAGGAAACAGCCTCGACACCGGTTC	1	1	1	1
GTCCAGGTCGAAGGTGCGCTGAAGCACACCA	1	1	1	1
CTTTCCTTATTAATAGGCAGCAAGCGTAGCC	1	1	1	1
CCTTCGGATAGCGGTCGCTGGTGAGGATCAC	1	1	1	1
GGTGAAGGCCTTGCAGCTCAACGCCATCAAC	1	1	1	1
ACCCACCTGATGCATGCGGTGGGCAACCACC	1	1	1	1
AACGGGCAGGTCAATTTCCAACCAGCGATGA	1	1	1	1
CATCGAGTTATGCACAGAAAAGCGCCGTCCC	1	1	1	1
CAACAGATCGGATATCTTGATCTTGTAGTAC	1	1	1	1
CTTCGGATAGCGGTCGCTGGTGAGGATCACC	1	1	1	1
CGTCGCCGAGTACTACAAGATCAAGATATCC	1	1	1	1
AAGGAAGTCATTTTTCTTATATATTATATAT	1	0	1	1
TCCTTTAAATATATATAATATATAAGAAAAA	1	0	1	1
CTGTTGGCCCTTCAGGACAAGCTGGTCAGCA	1	1	1	1
ACAGGTCCTTCAGCGACTCGCGAATCAGCTC	1	1	1	1
CGCTGAAGGACCTGTTGGCCCTTCAGGACAA	1	1	1	1
CATCGAGCTGATTCGCGAGTCGCTGAAGGAC	1	1	1	1
AGTTGGCCCGCGCCGCCGCCTGGCAGGTGGC	1	1	1	1
AATGACTTCCTTGTATCTATCTATTACGTCA	1	0	1	1
CCGGCCGGCATGGCGGCGGCCAGCGGATCGA	1	1	1	1
AACAGTGCGTCCACCGAGCGGTAGAAGCGCT	1	1	1	1
TCCTTACGGGCGAAGAACTGGATGTCGTCGA	1	1	1	1
CCCCGCCTCCGGTTGCTCCGCCGCCGGCGCC	1	1	1	1
CAGAAGCCGACCGAGGTATTTCTCGTTCACC	1	1	1	1
CCACCTGGCGCGGGCGCGCCACCGAGCGCGA	1	0	1	1
ACCCGCTGTTCCTCTACGGTGGCGTCGGTCT	1	1	1	1
CGACACCGGTTCTCGACAACCTTTTGCCTGC	1	1	1	1
CTAGAATCGCCGGTCTCCACACACAATTTAA	1	0	1	1
CGTTCACCGAGCAGTTCCAGAAGCCGACCGA	1	1	1	1
GTTCTTCCACACCTTCAATGCCCTTCTCGAA	1	1	1	1
ACGTTTCGTCGCGGACATGGTGAAGGCCTTG	1	1	1	1
TTGTGTGTGGAGACCGGCGATTCTAGTGAAA	1	0	1	1
CGCACTGTTGATCGACGACATCCAGTTCTTC	1	1	1	1
AAGGCCACGCCGATCTCCGGCAGGCTGTGGT	1	0	1	1
CAAATCAAGACCTTAATAAAAGCAGGCAGGC	1	1	1	1
ACTTAGGGAATCCGACGCGGATATCCGCGAG	1	0	1	1
GGTTGGACTTGCCCTCGACAAAGTTCTCGAA	1	1	1	1
AGAAGCGCTTGAATTCGTTGATGGCGTTGAG	1	1	1	1
CAGGTGGGTCTTGCCCAGACCGACGCCACCG	1	1	1	1
AGCAATTGCGTGTTTCTCCGGCAGGCAATGA	1	0	1	0
GACCTGCCCGTTCGATTTCACTAGAATCGCC	1	1	1	1
CCTCCTGGGAGCGCTCCTTACGGGCGAAGAA	1	1	1	1
CCTGCGGTGCGCACCGAGCGCAACGTCCAGG	1	1	1	1
CGGTGTCGAGGCTGTTTCCTTCCTGAGCGAA	1	1	1	1
CTCGGTGGACGCACTGTTGATCGACGACATC	1	1	1	1
ACAGATCGGATATCTTGATCTTGTAGTACTC	1	1	1	1
GCAATTCGTCGCCTTCGGCTTCGACCTGCAA	1	1	1	1
CATCAGGTGGGTCTTGCCCAGACCGACGCCA	1	1	1	1
CCGGCGGCGGAGCAACCGGAGGCGGGGGAGC	1	1	1	1
CCGAAGGCGACGAATTGCGTGTGTATGCACC	1	1	1	1
CAGCAGGTGGTTGCCCACCGCATGCATCAGG	1	1	1	1
GGATAGAAACGGTTAATGCTCTTGGTGCATA	1	0	1	1
GAAGGTGTGGAAGAACTCCTCCTGGGAGCGC	1	1	1	1
ATTTCCTTCGGATAGCGGTCGCTGGTGAGGA	1	1	1	1
CGAGAAGGGCATTGAAGGTGTGGAAGAACTC	1	1	1	1
GAGCATTAACCGTTTCTATCCTTTAAAAGAA	1	1	1	1
GACGGCAGCTCATCGCGGAGAAGATCCACGC	1	0	1	1
GGGTACATCCCTGCGCACAGCCGTGTGGAAA	1	1	1	1
ACGACGGCTCCCAGCGTGTCGAGCGATCCCT	1	1	1	1
CGACAACCTTCATCATCATTGCCTGCCGGAG	1	0	1	0
ATCGTGCGGCAGCTCGATCTTCGCCTGCTCA	1	1	1	1
CAGCATCGACAACATCCAGCGCACCGTCGCC	1	1	1	1
ACCAGCGACCGCTATCCGAAGGAAATCGAAG	1	1	1	1
GGCCGCATCGTGCGGCAGCTCGATCTTCGCC	1	1	1	1
GACGAAACGTTCCGAATGCAGGTAGACCACC	1	1	1	1
TACAAGATCAAGATATCCGATCTGTTGTCCA	1	1	1	1
CGCGGAGAAGATCCACGCACTGCTGCCAAAG	1	0	1	1
ACAATTCAACACCTGGATCCGTCCCTTGCAG	1	1	1	1
TGCCGATGCGCTGAGGCCCCAAGCAAATCAA	1	1	1	1
AAAGTTCTCGAAGGTGAAGGTACGGTTGAGA	1	1	1	1
TTAACCGTTTCTATCCTTTAAATATATATAA	1	0	1	1
GACGGCGCTTTTCTGTGCATAACTCGATGAA	1	1	1	1
CTGCAAGGCCTTCACCATGTCCGCGACGAAA	1	1	1	1
CGGCTACAATAGGCGCTTATTTCGTTGTGCC	1	1	1	1
AACGGTTAATGCTCTTGGTGCATAACTCGAT	1	0	1	1
CGCCCAGCGCATCCGTTCCAACGTGCGCGAA	1	1	1	1
AGTCATTTTTCTTATATATTATATATATTTA	1	0	1	1
CCAGCTATCTCAACCGTACCTTCACCTTCGA	1	1	1	1
CCTCGCGGATATCCGCGTCGGATTCCCTAAG	1	0	1	1
GACATGGTGAAGGCCTTGCAGCTCAACGCCA	1	1	1	1
AGGAAATCGAAGGCCTGGAAGAGCGGCTGAA	1	1	1	1
CACGGCTGTGCGCAGGGATGTACCCCCTTCA	1	1	1	1
CCCTTCAAAGCAAGGGTTATCCACAAAGTCC	1	1	1	1
ATTTCCAACCAGCGATGACGTAATAGATAGA	1	0	1	1
CCGCTGTGGATAACCATCTCGTTCATCCCCA	1	1	1	1
GCGCCACCGAGCGCGAACGCCGCTTGGACAA	1	0	1	1
AGGATAGAAACGGTTAATGCTCTTGGGACGG	1	1	1	1
AACACCTGGATCCGTCCCTTGCAGGTCGAAG	1	1	1	1
AATGATGATGAAGGTTGTCGAGACGAGGCTG	1	0	1	0
ACGGACGGTCGTCCTGGACTTTGTGGATAAC	1	1	1	1
TCCTCGCGGATATCCGCGTCGGATTCCCTAA	1	0	1	1
GCAATTGCTGGGCTTCATCGAGTTATGCACA	1	1	1	1
GCCGCGCCCGTGGTAGTGCCACGTGAAGAGC	1	1	1	1
AATTGCGTGTTTCTCCGGCAGGCAATGATGA	1	0	1	0
CCAATCGAGGACGAAACGGTTGGGTGCATAC	1	1	1	1
CCCAGACCGACGCCACCGTAGAGGAACAGCG	1	1	1	1
AAGCGGCGTTCGCGCTCGGTGGCGCGCCCGC	1	0	1	1
CTTTGTCGAGGGCAAGTCCAACCAGTTGGCC	1	1	1	1
CGCCGCCTGGCAGGTGGCGGACAACCTCAAG	1	1	1	1
AGCGGATCGATGCTGGGTTCTTCCGGCTCAT	1	1	1	1
AAGGTGCGCTGAAGCGGGTGATAGCCCACTC	1	1	1	1
AAGAAAAATGACTTCCTTGTATCTATCATCG	1	0	1	1
CAACCGTACCTTCACCTTCGAGAACTTTGTC	1	1	1	1
GCGATCCTGATGAAGAAGGCTGAGCAGGCGA	1	1	1	1
CCAGCCGAAGCGGGATTTCAGCCGCTCTTCC	1	1	1	1
GGCGGGGGAGCCACGTGGGTCTGCGATGGGA	1	1	1	1
CTCAGGAAGGAAACAGCCTCGTCTCGACAAC	1	0	1	0
CCCGGGTGGCGATCCTGATGAAGAAGGCTGA	1	1	1	1
AGATCGCTCAACTTAGGGAATCCGACGCGGA	1	0	1	1
CCGAAGGAAATCGAAGGCCTGGAAGAGCGGC	1	1	1	1
ATGATGAAGGTTGTCGAGACGAGGCTGTTTC	1	0	1	0
GTACGCCGCGCGCCGCCATCGTCCCATCGCA	1	1	1	1
GAAGCGCTTGAATTCGTTGATGGCGTTGAGC	1	1	1	1
CTGGAACTGCTCGGTGAACGCGGCGAGGGTC	1	1	1	1
CCGATCACCATCGAGCTGATTCGCGAGTCGC	1	1	1	1
AATGCCCTTCTCGAAGGCGGCCAGCAGGTGA	1	1	1	1
CGCTGAAGCACACCAGCTATCTCAACCGTAC	1	1	1	1
GTCGTAAGATCGCTCAACTTAGGGAATCCGA	1	0	1	1
CCTTCGAGAACTTTGTCGAGGGCAAGTCCAA	1	1	1	1
GTGGAGACCGGCGATTCTAGTGAAATCGAAC	1	0	1	1
GATGTTGTCGATGCTGACCAGCTTGTCCTGA	1	1	1	1
GCGCATCCGTTCCAACGTGCGCGAACTGGAA	1	1	1	1
CGCTCAGGAAGGAAACAGCCTCGTCTCGACA	1	0	1	0
GATCGGCGTGGCCTTCGGCGGTCGGGATCAC	1	0	1	1
CCTGCTCAGCCTTCTTCATCAGGATCGCCAC	1	1	1	1
TCAGCTCGATGGTGATCGGCCGGCCCATGAA	1	1	1	1
GTGGATAAGTCCGGCCCGTCCGGCTACAATA	1	1	1	1
GGAGCCGTCGTCACTGGCGGCAGCTCTTCAC	1	1	1	1
CAAGACCTTAATAAAAGCAGGCAGGCCGACG	1	1	1	1
CGGCGCGGGCCAACTGGTTGGACTTGCCCTC	1	1	1	1
CGCTCCCAGGAGGAGTTCTTCCACACCTTCA	1	1	1	1
AACTGGAAACCCGGGTGGCGATCCTGATGAA	1	1	1	1
ACCAAGAGCATTAACCGTTTCTATCCTTTAA	1	0	1	1
GCCTTGCAGCTCAACGCCATCAACGAATTCA	1	1	1	1
GAGGGTCAGTTGCCCGCGCTTTCCTTATTAA	1	1	1	1
ATCACCTGCTGGCCGCCTTCGAGAAGGGCAT	1	1	1	1
AATCGAAGGCCTGGAAGAGCGGCTGAAATCC	1	1	1	1
AGCGATGACGTAATAGATAGATACAAGGAAG	1	0	1	1
AAGATCGAGCTGCCGCACGATGCGGCCTTCT	1	1	1	1
AACCAGCGATGACGTATAGATACAAGGAAGT	0	1	0	0
GACCCACCTGATGCATGCGGTGGGCAACCAC	1	1	1	1
AACGAATTCAAGCGCTTCTACCGCTCGGTGG	1	1	1	1
GACACCGGTTCTCGACAACCTTTTGCCTGCC	1	1	1	1
AGGCGGGGGAGCCACGTGGGTCTGCGATGGG	1	1	1	1
ACCGGCGATTCTAGTGAAATCGAACGGGCAG	1	1	1	1
GCACAGAAAAGCGCCGTCCCAAGAGCATTAA	1	1	1	1
CCGGCAGGCTGTGGTTGGTCAGCTCCTTGGA	1	0	1	1
CGTGTGGAAAAAACCGCTGTGGATAACCATC	1	1	1	1
CTGTGCGCAGGGATGTACCCCCTTCAAAGCA	1	1	1	1
ATCGCCCAGCGCATCCGTTCCAACGTGCGCG	1	1	1	1
ATCTTCTCCGCGATGAGCTGCCGTCCCAACA	1	0	1	1
AGGCGAAGATCGAGCTGCCGCACGATGCGGC	1	1	1	1
AGCCGCCGGAACTGGAAACCCGGGTGGCGAT	1	1	1	1
ACCCAGCATCGATCCGCTGGCCGCCGCCATG	1	1	1	1
GCACACCAGCTATCTCAACCGTACCTTCACC	1	1	1	1
ATGCTGACCAGCTTGTCCTGAAGGGCCAACA	1	1	1	1
ATGAGCTGCCGTCCCAACAATTCAACACCTG	1	0	1	1
AGCGCCGTCCCAAGAGCATTAACCGTTTCTA	1	1	1	1
ACCGGTGTCGAGGCTGTTTCCTTCCTGAGCG	1	1	1	1
CGTGCGGCAGCTCGATCTTCGCCTGCTCAGC	1	1	1	1
AGAACTGGATGTCGTCGATCAACAGTGCGTC	1	1	1	1
ACAAAGTTCTCGAAGGTGAAGGTACGGTTGA	1	1	1	1
ATCGGCATGTGGATAAGTCCGGCCCGTCCGG	1	1	1	1
AAACCGCTGTGGATAACCATCTCGTTCATCC	1	1	1	1
AACTGGAAGGTGCGCTGAAGCGGGTGATAGC	1	1	1	1
CCTTCTTCATCAGGATCGCCACCCGGGTTTC	1	1	1	1
CCGCCTCCGGTTGCTCCGCCGCCGGCGCCAG	1	1	1	1
CGGCGCGCGGCGTACGGCTACGCTTGCTGCC	1	1	1	1
ACCTGGCGCGGGCGCGCCACCGAGCGCGAAC	1	0	1	1
AAAGGATAGAAACGGTTAATGCTCTTGGTGC	1	0	1	1
GCCCTTCAGGACAAGCTGGTCAGCATCGACA	1	1	1	1
ATCGATGCTGGGTTCTTCCGGCTCATAGGGA	1	1	1	1
CCACGCACTGCTGCCAAAGTTCCACGGACAC	1	0	1	1
CAAGGTGGTCTACCTGCATTCGGAACGTTTC	1	1	1	1
CGCACGATGCGGCCTTCTTCATCGCCCAGCG	1	1	1	1
CGGACTTATCCACATGCCGATGCGCTGAGGC	1	1	1	1
CCGGCGGCTCGACGGCCACCGTCAGGCCCCA	1	1	1	1
AGCATCGACAACATCCAGCGCACCGTCGCCG	1	1	1	1
AGCGCACCTTCCAGTTCGCGCACGTTGGAAC	1	1	1	1
AGCCGTGCTTGAGGTTGTCCGCCACCTGCCA	1	1	1	1
CGTTCGATTTCACTAGAATCGCCGGTCTCCA	1	0	1	1
CAACACCTGGATCCGTCCCTTGCAGGTCGAA	1	1	1	1
CCGACCGCCGAAGGCCACGCCGATCTCCGGC	1	0	1	1
CGGAAGAACCCAGCATCGATCCGCTGGCCGC	1	1	1	1
AGGAAGTCATTTTTCTTTTAAAGGATAGAAA	1	1	1	1
CGATGCGGCCTTCTTCATCGCCCAGCGCATC	1	1	1	1
CCTTGCAGCTCAACGCCATCAACGAATTCAA	1	1	1	1
ATACACACGCAATTCGTCGCCTTCGGCTTCG	1	1	1	1
ATTACGTCATCGCTGGTTGGAAATTGACCTG	1	0	1	1
AACCAGTTGGCCCGCGCCGCCGCCTGGCAGG	1	1	1	1
AAGTTCTCGAAGGTGAAGGTACGGTTGAGAT	1	1	1	1
GCCGCGTTCACCGAGCAGTTCCAGAAGCCGA	1	1	1	1
CAACTGGTTGGACTTGCCCTCGACAAAGTTC	1	1	1	1
AACATCCAGCGCACCGTCGCCGAGTACTACA	1	1	1	1
CTTCACGTGGCACTACCACGGGCGCGGCCGA	1	1	1	1
GCGCGCCACCGAGCGCGAACGCCGCTTGGAC	1	0	1	1
GAAGGCGACGAATTGCGTGTGTATGCACCCA	1	1	1	1
GGGACGGCAGCTCATCGCGGAGAAGATCCAC	1	0	1	1
GGCCGGACTTATCCACATGCCGATGCGCTGA	1	1	1	1
AGCGATCTTACGACAGGCGTGCAACACCGTG	1	0	1	1
ATCTATCTATTACGTCATCGCTGGTTGGAAA	1	0	1	1
AAGTCCGGCCCGTCCGGCTACAATAGGCGCT	1	1	1	1
CTACCACGGGCGCGGCCGATACCGGCTGCAC	1	1	1	1
GCCGCCTGGCAGGTGGCGGACAACCTCAAGC	1	1	1	1
CGATCCTGATGAAGAAGGCTGAGCAGGCGAA	1	1	1	1
CCACATGCCGATGCGCTGAGGCCCCAAGCAA	1	1	1	1
CAATCGAGGACGAAACGGTTGGGTGCATACA	1	1	1	1
CCAACCAGCGATGACGTAATAGATAGATACA	1	0	1	1
AGCTCTTCACGTGGCACTACCACGGGCGCGG	1	1	1	1
GGCTTCTGGAACTGCTCGGTGAACGCGGCGA	1	1	1	1
CTGGCAGGTGGCGGACAACCTCAAGCACGGC	1	1	1	1
CACTGGCGCCGGCGGCGGAGCAACCGGAGGC	1	1	1	1
GGTGCGCACCGAGCGCAACGTCCAGGTCGAA	1	1	1	1
GATGCGGCCTTCTTCATCGCCCAGCGCATCC	1	1	1	1
GATAACCCTTGCTTTGAAGGGGGTACATCCC	1	1	1	1
CTCCCAGCGTGTCGAGCGATCCCTATGAGCC	1	1	1	1
GCCGAAGGCGACGAATTGCGTGTGTATGCAC	1	1	1	1
CACCGAGCGCGAACGCCGCTTGGACAACAGA	1	0	1	1
ACGAGGCTGTTTCCTTCCTGAGCGAAGCCTG	1	0	0	0
AGCGCTTGAATTCGTTGATGGCGTTGAGCTG	1	1	1	1
CGGTATCGGCCGCGCCCGTGGTAGTGCCACG	1	1	1	1
CAAGGAAGTCATTTTTCTTATATATTATATA	1	0	1	1
ATCAAGATATCCGATCTGTTGTCCAAGCGGC	1	1	1	1
CGCCGCGCGCCGCCATCGTCCCATCGCAGAC	1	1	1	1
GGATATCCCCCAAAGATTGGAAAGGCGGCAC	1	1	1	1
ACTACAAGATCAAGATATCCGATCTGTTGTC	1	1	1	1
GATACAAGGAAGTCATTTTTCTTTTAAAGGA	1	1	1	1
CACCATGTCCGCGACGAAACGTTCCGAATGC	1	1	1	1
GTCGTCACTGGCGGCAGCTCTTCACGTGGCA	1	1	1	1
CGGCTACAACCCGCTGTTCCTCTACGGTGGC	1	1	1	1
CAAGCGTAGCCGTACGCCGCGCGCCGCCATC	1	1	1	1
CTCGAAGGCGGCCAGCAGGTGATCCTCACCA	1	1	1	1
CGCCAGTGACGACGGCTCCCAGCGTGTCGAG	1	1	1	1
GGACATGGTGAAGGCCTTGCAGCTCAACGCC	1	1	1	1
TGATGCATGCGGTGGGCAACCACCTGCTGAA	1	1	1	1
AACTGGTTGGACTTGCCCTCGACAAAGTTCT	1	1	1	1
CGGGCAACTGACCCTCGCCGCGTTCACCGAG	1	1	1	1
TGGGCAACCACCTGCTGAAGAAGAACCCGAA	1	1	1	1
GAAATTGACCTGCCCGTTCGATTTCACTAGA	1	1	1	1
ACCGAGCAGTTCCAGAAGCCGACCGAGGTAT	1	1	1	1
TGCTGCCTATTAATAAGGAAAGCGCGGGCAA	1	1	1	1
GCCAACAGGTCCTTCAGCGACTCGCGAATCA	1	1	1	1
AACCCGCTGTTCCTCTACGGTGGCGTCGGTC	1	1	1	1
CCGTACGCCGCGCGCCGCCATCGTCCCATCG	1	1	1	1
AGAAGATCCACGCACTGCTGCCAAAGTTCCA	1	0	1	1
TCGCGGAGAAGATCCACGCACTGCTGCCAAA	1	0	1	1
AAGAAGGCTGAGCAGGCGAAGATCGAGCTGC	1	1	1	1
AAAAATGACTTCCTTGTATCTATCATCGCTG	1	0	1	1
CCTCTACGGTGGCGTCGGTCTGGGCAAGACC	1	1	1	1
AGCCTGCCGGAGATCGGCGTGGCCTTCGGCG	1	0	1	1
TTGCTGGGCTTCATCGAGTTATGCACAGAAA	1	1	1	1
AATTGACCTGCCCGTTCGATTTCACTAGAAT	1	1	1	1
AGGAAACAGCCTCGTCTCGACAACCTTCATC	1	0	1	0
GGGAGCCGTCGTCACTGGCGGCAGCTCTTCA	1	1	1	1
GCGGTCGGGATCACACCACGGTGTTGCACGC	1	0	1	1
CACCTGGCGCGGGCGCGCCACCGAGCGCGAA	1	0	1	1
ACGTTCCGAATGCAGGTAGACCACCTTGGCG	1	1	1	1
CCAGGAGGAGTTCTTCCACACCTTCAATGCC	1	1	1	1
GGCGCCAGTGCAGCCGGTATCGGCCGCGCCC	1	1	1	1
CTGGCGGCAGCTCTTCACGTGGCACTACCAC	1	1	1	1
GCTCTTGGTGCATAACTCGATGAAGCCCAGC	1	0	1	1
ACGAATTCAAGCGCTTCTACCGCTCGGTGGA	1	1	1	1
CTCGATTGGGTGAACGAGAAATACCTCGGTC	1	1	1	1
CCGCTGGCCGCCGCCATGCCGGCCGGAGCAG	1	1	1	1
CGTGTCGAGCGATCCCTATGAGCCGGAAGAA	1	1	1	1
ACGTGGCTCCCCCGCCTCCGGTTGCTCCGCC	1	1	1	1
ATCTTGATCTTGTAGTACTCGGCGACGGTGC	1	1	1	1
CGGCCTTCTTCATCGCCCAGCGCATCCGTTC	1	1	1	1
CGCTGAGGCCCCAAGCAAATCAAGACCTTAA	1	1	1	1
ATCCGCTGGCCGCCGCCATGCCGGCCGGAGC	1	1	1	1
GTCCTGAAGGGCCAACAGGTCCTTCAGCGAC	1	1	1	1
CACAGCGGTTTTTTCCACACGGCTGTGCGCA	1	1	1	1
AATCCCGCTTCGGCTGGGGCCTGACGGTGGC	1	1	1	1
AGCCACGTGGGTCTGCGATGGGACGATGGCG	1	1	1	1
GACCTTAATAAAAGCAGGCAGGCCGACGGAC	1	1	1	1
CGCACGTTGGAACGGATGCGCTGGGCGATGA	1	1	1	1
ACCTTCAATGCCCTTCTCGAAGGCGGCCAGC	1	1	1	1
GTTTCCTTCCTGAGCGAAGCCTGGGGATGAA	1	1	1	1
ATCCGTTCCAACGTGCGCGAACTGGAAGGTG	1	1	1	1
GTTCATCCCCAGGCTTCGCTCAGGAAGGAAA	1	1	1	1
CAGCTCGATGGTGATCGGCCGGCCCATGAAG	1	1	1	1
CCACCGCATGCATCAGGTGGGTCTTGCCCAG	1	1	1	1
GCCTATTAATAAGGAAAGCGCGGGCAACTGA	1	1	1	1
CAAAGTTCTCGAAGGTGAAGGTACGGTTGAG	1	1	1	1
CCATGCCGGCCGGAGCAGCGCCTGCGGTGCG	1	1	1	1
AACCGTTTCGTCCTCGATTGGGTGAACGAGA	1	1	1	1
CAACCAGCGATGACGTAATAGATAGATACAA	1	0	1	1
CGAAGGCGACGAATTGCGTGTGTATGCACCC	1	1	1	1
CGCATCGGCATGTGGATAAGTCCGGCCCGTC	1	1	1	1
GCTGGGGCCTGACGGTGGCCGTCGAGCCGCC	1	1	1	1
CCGGTGTCGAGGCTGTTTCCTTCCTGAGCGA	1	1	1	1
GGTTGGAAATTGACCTGCCCGTTCGATTTCA	1	1	1	1
CACGGACACGGATATCCCCCAAAGATTGGAA	1	1	1	1
GCCGGACGGGCCGGACTTATCCACATGCCGA	1	1	1	1
CGATCCGCTGGCCGCCGCCATGCCGGCCGGA	1	1	1	1
GCAACGTCCAGGTCGAAGGTGCGCTGAAGCA	1	1	1	1
ACATGGTGAAGGCCTTGCAGCTCAACGCCAT	1	1	1	1
AGGAGGAGTTCTTCCACACCTTCAATGCCCT	1	1	1	1
CGATGGTGATCGGCCGGCCCATGAAGTGCGA	1	1	1	1
ACATCCAGCGCACCGTCGCCGAGTACTACAA	1	1	1	1
CTTCGAGAAGGGCATTGAAGGTGTGGAAGAA	1	1	1	1
TAAAGAGACCGGCGATTCTAGTGAAATCGAA	1	1	1	1
AGGAAACAGCCTCGACACCGGTTCTCGACAA	1	1	1	1
AGTTCCACGGACACGGATATCCCCCAAAGAT	1	1	1	1
AACCGTACCTTCACCTTCGAGAACTTTGTCG	1	1	1	1
ATCAGGTGGGTCTTGCCCAGACCGACGCCAC	1	1	1	1
ACGCCGATCTCCGGCAGGCTGTGGTTGGTCA	1	0	1	1
CTTGGGGCCTCAGCGCATCGGCATGTGGATA	1	1	1	1
GTCGGCCTGCCTGCTTTTATTAAGGTCTTGA	1	1	1	1
CCTTCAGGACAAGCTGGTCAGCATCGACAAC	1	1	1	1
AAAAAACCGCTGTGGATAACCATCTCGTTCA	1	1	1	1
GTTCTCGACAACCTTTTGCCTGCCGGAGAAA	1	1	1	1
ACTTATCCACATGCCGATGCGCTGAGGCCCC	1	1	1	1
CCAAAGATTGGAAAGGCGGCACAACGAAATA	1	1	1	1
CCTTCAAAGCAAGGGTTATCCACAAAGTCCA	1	1	1	1
CCGTTTCTATCCTTTAAATATATATAATATA	1	0	1	1
CAGCTCGATCTTCGCCTGCTCAGCCTTCTTC	1	1	1	1
CCGTCCCTTGCAGGTCGAAGCCGAAGGCGAC	1	1	1	1
CCCTCGACAAAGTTCTCGAAGGTGAAGGTAC	1	1	1	1
GGTGTTGCACGCCTGTCGTAAGATCGCTCAA	1	0	1	1
ATTGGAAAGGCGGCACAACGAAATAAGCGCC	1	1	1	1
CAGCGCACCTTCCAGTTCGCGCACGTTGGAA	1	1	1	1
AGCAGCGCCTGCGGTGCGCACCGAGCGCAAC	1	1	1	1
CTGCGATGGGACGATGGCGGCGCGCGGCGTA	1	1	1	1
ACGGCTACGCTTGCTGCCTATTAATAAGGAA	1	1	1	1
CGACTCGCGAATCAGCTCGATGGTGATCGGC	1	1	1	1
ACGGCTCCCAGCGTGTCGAGCGATCCCTATG	1	1	1	1
CACCGCAGGCGCTGCTCCGGCCGGCATGGCG	1	1	1	1
AAAGTTCCACGGACACGGATATCCCCCAAAG	1	1	1	1
CTTCGAGAACTTTGTCGAGGGCAAGTCCAAC	1	1	1	1
CAAGGGACGGATCCAGGTGTTGAATTGTTGG	1	1	1	1
CCTATGAGCCGGAAGAACCCAGCATCGATCC	1	1	1	1
CGCGCGCCGCCATCGTCCCATCGCAGACCCA	1	1	1	1
AGGAAGTCATTTTTCTTATATATTATATATA	1	0	1	1
CTCCGGTTGCTCCGCCGCCGGCGCCAGTGCA	1	1	1	1
GTCGGATTCCCTAAGTTGAGCGATCTTACGA	1	0	1	1
ATCCGTCCCTTGCAGGTCGAAGCCGAAGGCG	1	1	1	1
CTAGTGAAATCGAACGGGCAGGTCAATTTCC	1	1	1	1
CCTATTGTAGCCGGACGGGCCGGACTTATCC	1	1	1	1
AACCCGGGTGGCGATCCTGATGAAGAAGGCT	1	1	1	1
CGCCGCCGGCGCCAGTGCAGCCGGTATCGGC	1	1	1	1
CGCCACCGTAGAGGAACAGCGGGTTGTAGCC	1	1	1	1
CGAATCAGCTCGATGGTGATCGGCCGGCCCA	1	1	1	1
ACCTGCTGAAGAAGAACCCGAACGCCAAGGT	1	1	1	1
CGGATATCCGCGTCGGATTCCCTAAGTTGAG	1	0	1	1
CGCGAGTCGCTGAAGGACCTGTTGGCCCTTC	1	1	1	1
GAAGAAGGCCGCATCGTGCGGCAGCTCGATC	1	1	1	1
CCTTATTAATAGGCAGCAAGCGTAGCCGTAC	1	1	1	1
CTATCCTTTAAATATATATAATATATAAGAA	1	0	1	1
TCAACACCTGGATCCGTCCCTTGCAGGTCGA	1	1	1	1
ACGGCTACAACCCGCTGTTCCTCTACGGTGG	1	1	1	1
ATGTCGTCGATCAACAGTGCGTCCACCGAGC	1	1	1	1
AGCTGCCGTCCCAACAATTCAACACCTGGAT	1	1	1	1
AGGATCGCCACCCGGGTTTCCAGTTCCGGCG	1	1	1	1
CTGTGGTTGGTCAGCTCCTTGGAGAGCGCCA	1	0	1	1
GCGAGTCGCTGAAGGACCTGTTGGCCCTTCA	1	1	1	1
GCTCCCAGGAGGAGTTCTTCCACACCTTCAA	1	1	1	1
CGAACGCCGCTTGGACAACAGATCGGATATC	1	0	1	1
ACTTTGGCAGCAGTGCGTGGATCTTCTCCGC	1	0	1	1
ATTTTTCTTATATATTATATATATTTAAAGG	1	0	1	1
GGCAGGCTGTGGTTGGTCAGCTCCTTGGAGA	1	0	1	1
TCCGCGACGAAACGTTCCGAATGCAGGTAGA	1	1	1	1
AGCGGTCGCTGGTGAGGATCACCTGCTGGCC	1	1	1	1
CCCAATCGAGGACGAAACGGTTGGGTGCATA	1	1	1	1
ACAGCGGTTTTTTCCACACGGCTGTGCGCAG	1	1	1	1
AAAGGCGGCACAACGAAATAAGCGCCTATTG	1	1	1	1
TACACACGCAATTCGTCGCCTTCGGCTTCGA	1	1	1	1
CGTGCAACACCGTGGTGTGATCCCGACCGCC	1	0	1	1
ATGCATGCGGTGGGCAACCACCTGCTGAAGA	1	1	1	1
CTTACGGGCGAAGAACTGGATGTCGTCGATC	1	1	1	1
CCTGGGGATGAACGAGATGGTTATCCACAGC	1	1	1	1
GATAGCTGGTGTGCTTCAGCGCACCTTCGAC	1	1	1	1
ACGAGAAATACCTCGGTCGGCTTCTGGAACT	1	1	1	1
CCCAGCAATTGCGTGTTTCTCCGGCAGGCAA	1	1	1	1
CCAACCAGTTGGCCCGCGCCGCCGCCTGGCA	1	1	1	1
GAAGGTTGTCGAGACGAGGCTGTTTCCTTCC	1	0	1	0
CACCGGTTCTCGACAACCTTTTGCCTGCCGG	1	1	1	1
AGAACTCCTCCTGGGAGCGCTCCTTACGGGC	1	1	1	1
ATGTACCCCCTTCAAAGCAAGGGTTATCCAC	1	1	1	1
GCTCAGGAAGGAAACAGCCTCGTCTCGACAA	1	0	1	0
CCACGGACACGGATATCCCCCAAAGATTGGA	1	1	1	1
CCAGGTCGAAGGTGCGCTGAAGCACACCAGC	1	1	1	1
ACAGCCGTGTGGAAAAAACCGCTGTGGATAA	1	1	1	1
AAGGCGGCCAGCAGGTGATCCTCACCAGCGA	1	1	1	1
AGGCAAAAGGTTGTCGAGAACCGGTGTCGAG	1	1	1	1
CAACAGTGCGTCCACCGAGCGGTAGAAGCGC	1	1	1	1
AAGGCGACGAATTGCGTGTGTATGCACCCAA	1	1	1	1
ATCCAGCGCACCGTCGCCGAGTACTACAAGA	1	1	1	1
GGTCAGCTCCTTGGAGAGCGCCATGGCCACC	1	0	1	1
CAGCCGAAGCGGGATTTCAGCCGCTCTTCCA	1	1	1	1
CATCATCATTGCCTGCCGGAGAAACACGCAA	1	0	1	0
CGCTGCTCCGGCCGGCATGGCGGCGGCCAGC	1	1	1	1
AGTTCTCGAAGGTGAAGGTACGGTTGAGATA	1	1	1	1
CCAACCGTTTCGTCCTCGATTGGGTGAACGA	1	1	1	1
AGCTGCCGCACGATGCGGCCTTCTTCATCGC	1	1	1	1
AACTGACCCTCGCCGCGTTCACCGAGCAGTT	1	1	1	1
CACACCTTCAATGCCCTTCTCGAAGGCGGCC	1	1	1	1
CCGGCCGGAGCAGCGCCTGCGGTGCGCACCG	1	1	1	1
CAACCACAGCCTGCCGGAGATCGGCGTGGCC	1	0	1	1
AACGCCGCTTGGACAACAGATCGGATATCTT	1	0	1	1
CGAAACGGTTGGGTGCATACACACGCAATTC	1	1	1	1
CCGCCGCCTGGCAGGTGGCGGACAACCTCAA	1	1	1	1
CCGCGCCAGGTGGCCATGGCGCTCTCCAAGG	1	0	1	1
AAGGATAGAAACGGTTAATGCTCTTGGTGCA	1	0	1	1
CCTTCATCATCATTGCCTGCCGGAGAAACAC	1	0	1	0
CGGCCGGCCCATGAAGTGCGAGTGGGCTATC	1	1	1	1
GCGAGTGGGCTATCACCCGCTTCAGCGCACC	1	1	1	1
AGTGCCACGTGAAGAGCTGCCGCCAGTGACG	1	1	1	1
GTTTCGTCGCGGACATGGTGAAGGCCTTGCA	1	1	1	1
ACGCCGCTTGGACAACAGATCGGATATCTTG	1	1	1	1
ACTCGATGAAGCCCAGCAATTGCGTGTTTCT	1	1	1	1
CGCACTTCATGGGCCGGCCGATCACCATCGA	1	1	1	1
CCGCCTGGCAGGTGGCGGACAACCTCAAGCA	1	1	1	1
TATAAGAAAAATGACTTCCTTGTATCTATCA	1	0	1	1
CTTGAATTCGTTGATGGCGTTGAGCTGCAAG	1	1	1	1
TGAAGCCCAGCAATTGCGTGTTTCTCCGGCA	1	1	1	1
AGCGATGATAGATACAAGGAAGTCATTTTTC	1	0	1	1
AATTGCGTGTGTATGCACCCAACCGTTTCGT	1	1	1	1
CATGAAGTGCGAGTGGGCTATCACCCGCTTC	1	1	1	1
CCATGGCGCTCTCCAAGGAGCTGACCAACCA	1	0	1	1
AAAGAGACCGGCGATTCTAGTGAAATCGAAC	1	1	1	1
CCTTCGGCTTCGACCTGCAAGGGACGGATCC	1	1	1	1
AATCTTTGGGGGATATCCGTGTCCGTGGAAC	1	1	1	1
ATCAACAGTGCGTCCACCGAGCGGTAGAAGC	1	1	1	1
CCGCCACCTGCCAGGCGGCGGCGCGGGCCAA	1	1	1	1
AACGTTCCGAATGCAGGTAGACCACCTTGGC	1	1	1	1
AAAATGACTTCCTTGTATCTATCTATTACGT	1	0	1	1
CGCGATGAGCTGCCGTCCCAACAATTCAACA	1	0	1	1
CTGTCGTAAGATCGCTCAACTTAGGGAATCC	1	0	1	1
ATGCAGGTAGACCACCTTGGCGTTCGGGTTC	1	1	1	1
GGCGCGCCACCGAGCGCGAACGCCGCTTGGA	1	0	1	1
AAGGACCTGTTGGCCCTTCAGGACAAGCTGG	1	1	1	1
CACGTGGCACTACCACGGGCGCGGCCGATAC	1	1	1	1
CACCTTCGACCTGGACGTTGCGCTCGGTGCG	1	1	1	1
ATGACTTCCTTGTATCTATACGTCATCGCTG	0	1	0	0
CAGCAATTGCGTGTTTCTCCGGCAGGCAAAA	1	1	1	1
CGCCCGCGCCAGGTGGCCATGGCGCTCTCCA	1	0	1	1
CAGCAATTGCGTGTTTCTCCGGCAGGCAATG	1	0	1	0
AAAAGAAAAATGACTTCCTTGTATCTATCTA	1	0	1	1
CTGGTGAGGATCACCTGCTGGCCGCCTTCGA	1	1	1	1
CGCCACCGAGCGCGAACGCCGCTTGGACAAC	1	0	1	1
CCAGTTCCGGCGGCTCGACGGCCACCGTCAG	1	1	1	1
CGCTGGGAGCCGTCGTCACTGGCGGCAGCTC	1	1	1	1
CACCAAGAGCATTAACCGTTTCTATCCTTTA	1	0	1	1
CAGGACAAGCTGGTCAGCATCGACAACATCC	1	1	1	1
AGCTATCTCAACCGTACCTTCACCTTCGAGA	1	1	1	1
CCTTTTGCCTGCCGGAGAAACACGCAATTGC	1	1	1	1
AGGTGGTTGCCCACCGCATGCATCAGGTGGG	1	1	1	1
AAAAGCGCCGTCCCAAGAGCATTAACCGTTT	1	1	1	1
CGATCTCCGGCAGGCTGTGGTTGGTCAGCTC	1	0	1	1
ACGAAATAAGCGCCTATTGTAGCCGGACGGG	1	1	1	1
CCTCGTCTCGACAACCTTCATCATCATTGCC	1	0	1	0
ATCATCATTGCCTGCCGGAGAAACACGCAAT	1	0	1	0
ATTGTGTGTGGAGACCGGCGATTCTAGTGAA	1	0	1	1
ATGGCGCTCTCCAAGGAGCTGACCAACCACA	1	0	1	1
AGTTATGCACAGAAAAGCGCCGTCCCAAGAG	1	1	1	1
AGCTGACCAACCACAGCCTGCCGGAGATCGG	1	0	1	1
AAAGAAAAATGACTTCCTTGTATCTATACGT	0	1	0	0
GTATTTCTCGTTCACCCAATCGAGGACGAAA	1	1	1	1
CAGCCGCTCTTCCAGGCCTTCGATTTCCTTC	1	1	1	1
AGCAGGCAGGCCGACGGACGGTCGTCCTGGA	1	1	1	1
ACAACCTTTTGCCTGCCGGAGAAACACGCAA	1	1	1	1
AGCCGCTCTTCCAGGCCTTCGATTTCCTTCG	1	1	1	1
AGAAGAACCCGAACGCCAAGGTGGTCTACCT	1	1	1	1
CCGCGATGAGCTGCCGTCCCAACAATTCAAC	1	0	1	1
GCAAGTCCAACCAGTTGGCCCGCGCCGCCGC	1	1	1	1
CAAAGTCCAGGACGACCGTCCGTCGGCCTGC	1	1	1	1
CAACAGGTCCTTCAGCGACTCGCGAATCAGC	1	1	1	1
AGGGATGTACCCCCTTCAAAGCAAGGGTTAT	1	1	1	1
CGCTGTGGATAACCATCTCGTTCATCCCCAG	1	1	1	1
AGATACAAGGAAGTCATTTTTCTTTTAAAGG	1	1	1	1
GGCGCTGCTCCGGCCGGCATGGCGGCGGCCA	1	1	1	1
ACTGGAAACCCGGGTGGCGATCCTGATGAAG	1	1	1	1
ACCGTGGTGTGATCCCGACCGCCGAAGGCCA	1	0	1	1
CTTCCACACCTTCAATGCCCTTCTCGAAGGC	1	1	1	1
CAAGGAAGTCATTTTTCTTTTAAAGGATAGA	1	1	1	1
ACTTCATGGGCCGGCCGATCACCATCGAGCT	1	1	1	1
CAGGTGGCCATGGCGCTCTCCAAGGAGCTGA	1	0	1	1
GGAACGGATGCGCTGGGCGATGAAGAAGGCC	1	1	1	1
CACCTTCAATGCCCTTCTCGAAGGCGGCCAG	1	1	1	1
GGCCCTTCAGGACAAGCTGGTCAGCATCGAC	1	1	1	1
CGAAATAAGCGCCTATTGTAGCCGGACGGGC	1	1	1	1
CAAGCGCTTCTACCGCTCGGTGGACGCACTG	1	1	1	1
AATTCGTCGCCTTCGGCTTCGACCTGCAAGG	1	1	1	1
ACTAGAATCGCCGGTCTCCACACACAATTTA	1	0	1	1
CCACTCGCACTTCATGGGCCGGCCGATCACC	1	1	1	1
CGGTCGGGATCACACCACGGTGTTGCACGCC	1	0	1	1
CGCGCCGCCATCGTCCCATCGCAGACCCACG	1	1	1	1
CGAGTTATGCACAGAAAAGCGCCGTCCCAAG	1	1	1	1
CGGTTCTCGACAACCTTTTGCCTGCCGGAGA	1	1	1	1
AGCCGTACGCCGCGCGCCGCCATCGTCCCAT	1	1	1	1
ATTGAAGGTGTGGAAGAACTCCTCCTGGGAG	1	1	1	1
GCGATTCTAGTGAAATCGAACGGGCAGGTCA	1	1	1	1
CTGAGGCCCCAAGCAAATCAAGACCTTAATA	1	1	1	1
AACGCCATCAACGAATTCAAGCGCTTCTACC	1	1	1	1
AATATATAAGAAAAATGACTTCCTTGTATCT	1	0	1	1
CCAGACCGACGCCACCGTAGAGGAACAGCGG	1	1	1	1
AAGGTGGTCTACCTGCATTCGGAACGTTTCG	1	1	1	1
CATGCCGATGCGCTGAGGCCCCAAGCAAATC	1	1	1	1
ATCCAGTTCTTCGCCCGTAAGGAGCGCTCCC	1	1	1	1
AGCTGGTCAGCATCGACAACATCCAGCGCAC	1	1	1	1
AGCGGGATTTCAGCCGCTCTTCCAGGCCTTC	1	1	1	1
GTTGTGCCGCCTTTCCAATCTTTGGGGGATA	1	1	1	1
CGATGCTGGGTTCTTCCGGCTCATAGGGATC	1	1	1	1
GAACTGGAAACCCGGGTGGCGATCCTGATGA	1	1	1	1
ATCTATACGTCATCGCTGGTTGGAAATTGAC	0	1	0	0
CACGATGCGGCCTTCTTCATCGCCCAGCGCA	1	1	1	1
CACCGTGGTGTGATCCCGACCGCCGAAGGCC	1	0	1	1
CCTGCCTGCTTTTATTAAGGTCTTGATTTGC	1	1	1	1
CAATTCGTCGCCTTCGGCTTCGACCTGCAAG	1	1	1	1
CCCAGGCTTCGCTCAGGAAGGAAACAGCCTC	1	1	1	1
TACGGGCGAAGAACTGGATGTCGTCGATCAA	1	1	1	1
ACCGAGGTATTTCTCGTTCACCCAATCGAGG	1	1	1	1
CGCCCGTGGTAGTGCCACGTGAAGAGCTGCC	1	1	1	1
CAATTGCTGGGCTTCATCGAGTTATGCACCA	1	0	1	1
CCCCCAAAGATTGGAAAGGCGGCACAACGAA	1	1	1	1
CCGCGCGCCGCCATCGTCCCATCGCAGACCC	1	1	1	1
GCGCTTTCCTTATTAATAGGCAGCAAGCGTA	1	1	1	1
GCATGTGGATAAGTCCGGCCCGTCCGGCTAC	1	1	1	1
CCAGTGACGACGGCTCCCAGCGTGTCGAGCG	1	1	1	1
CCAGCGTGTCGAGCGATCCCTATGAGCCGGA	1	1	1	1
ATCCGTGTCCGTGGAACTTTGGCAGCAGTGC	1	1	1	1
CATTAACCGTTTCTATCCTTTAAAAGAAAAA	1	1	1	1
CGCGTTCACCGAGCAGTTCCAGAAGCCGACC	1	1	1	1
ATCCACAGCGGTTTTTTCCACACGGCTGTGC	1	1	1	1
AACCCTTGCTTTGAAGGGGGTACATCCCTGC	1	1	1	1
ATCAAGACCTTAATAAAAGCAGGCAGGCCGA	1	1	1	1
TAGAGGAACAGCGGGTTGTAGCCGTGCTTGA	1	1	1	1
CCGGGTGGCGATCCTGATGAAGAAGGCTGAG	1	1	1	1
GCGCCTATTGTAGCCGGACGGGCCGGACTTA	1	1	1	1
ACTGACCCTCGCCGCGTTCACCGAGCAGTTC	1	1	1	1
AGGTGCGCTGAAGCACACCAGCTATCTCAAC	1	1	1	1
AAGGCCTTGCAGCTCAACGCCATCAACGAAT	1	1	1	1
ACCCACGTGGCTCCCCCGCCTCCGGTTGCTC	1	1	1	1
CCTCACCAGCGACCGCTATCCGAAGGAAATC	1	1	1	1
ATCGACGACATCCAGTTCTTCGCCCGTAAGG	1	1	1	1
CGTGAAGAGCTGCCGCCAGTGACGACGGCTC	1	1	1	1
CCTTCACCATGTCCGCGACGAAACGTTCCGA	1	1	1	1
GGAAGTCATTTTTCTTTTAAAGGATAGAAAC	1	1	1	1
TCGAACGGGCAGGTCAATTTCCAACCAGCGA	1	1	1	1
ATAATATATAAGAAAAATGACTTCCTTGTAT	1	0	1	1
ACAAGCTGGTCAGCATCGACAACATCCAGCG	1	1	1	1
GAAGGGCATTGAAGGTGTGGAAGAACTCCTC	1	1	1	1
CAGCGCATCCGTTCCAACGTGCGCGAACTGG	1	1	1	1
TGCATGCGGTGGGCAACCACCTGCTGAAGAA	1	1	1	1
GACAAGCTGGTCAGCATCGACAACATCCAGC	1	1	1	1
CCTTCGACCTGGACGTTGCGCTCGGTGCGCA	1	1	1	1
AACAATTCAACACCTGGATCCGTCCCTTGCA	1	1	1	1
AACGTCCAGGTCGAAGGTGCGCTGAAGCACA	1	1	1	1
AAGCTGGTCAGCATCGACAACATCCAGCGCA	1	1	1	1
TCCACGCACTGCTGCCAAAGTTCCACGGACA	1	0	1	1
TGGAAACCCGGGTGGCGATCCTGATGAAGAA	1	1	1	1
CGGCGGCGGAGCAACCGGAGGCGGGGGAGCC	1	1	1	1
ACGCCAAGGTGGTCTACCTGCATTCGGAACG	1	1	1	1
GCCCATGAAGTGCGAGTGGGCTATCACCCGC	1	1	1	1
ATAGAAACGGTTAATGCTCTTGGGACGGCGC	1	1	1	1
CCTATTAATAAGGAAAGCGCGGGCAACTGAC	1	1	1	1
CTTCTTCAGCAGGTGGTTGCCCACCGCATGC	1	1	1	1
ACCGGTTCTCGACAACCTTTTGCCTGCCGGA	1	1	1	1
CCAAGCGGCGTTCGCGCTCGGTGGCGCGCCC	1	0	1	1
AACAGCCTCGACACCGGTTCTCGACAACCTT	1	1	1	1
TGCTGGGCTTCATCGAGTTATGCACAGAAAA	1	1	1	1
AGGTCTTGATTTGCTTGGGGCCTCAGCGCAT	1	1	1	1
GCCAGGCGGCGGCGCGGGCCAACTGGTTGGA	1	1	1	1
GCTGCCTATTAATAAGGAAAGCGCGGGCAAC	1	1	1	1
ACGGTTAATGCTCTTGGTGCATAACTCGATG	1	0	1	1
GACTTCCTTGTATCTATCATCGCTGGTTGGA	1	0	1	1
ACCGCATGCATCAGGTGGGTCTTGCCCAGAC	1	1	1	1
CTACCGCTCGGTGGACGCACTGTTGATCGAC	1	1	1	1
GGAAGGTGCGCTGAAGCGGGTGATAGCCCAC	1	1	1	1
CAGTTCCGGCGGCTCGACGGCCACCGTCAGG	1	1	1	1
ATTAACCGTTTCTATCCTTTAAATATATATA	1	0	1	1
GATATCCCCCAAAGATTGGAAAGGCGGCACA	1	1	1	1
ATAAGAAAAATGACTTCCTTGTATCTATCAT	1	0	1	1
CTCCTTGGAGAGCGCCATGGCCACCTGGCGC	1	0	1	1
AAAATGACTTCCTTGTATCTATACGTCATCG	0	1	0	0
GGGTGGCGATCCTGATGAAGAAGGCTGAGCA	1	1	1	1
CTTCCTTGTATCTATCATCGCTGGTTGGAAA	1	0	1	1
CCGGCTGCACTGGCGCCGGCGGCGGAGCAAC	1	1	1	1
CATTTTTCTTTTAAAGGATAGAAACGGTTAA	1	1	1	1
GCTGCAAGGCCTTCACCATGTCCGCGACGAA	1	1	1	1
CATGTCCGCGACGAAACGTTCCGAATGCAGG	1	1	1	1
AAGAGCTGCCGCCAGTGACGACGGCTCCCAG	1	1	1	1
AACGTTTCGTCGCGGACATGGTGAAGGCCTT	1	1	1	1
CACACCACGGTGTTGCACGCCTGTCGTAAGA	1	0	1	1
CTTGATTTGCTTGGGGCCTCAGCGCATCGGC	1	1	1	1
ATCGCGGAGAAGATCCACGCACTGCTGCCAA	1	0	1	1
CGGTGGCGCGCCCGCGCCAGGTGGCCATGGC	1	0	1	1
AGGCCGCATCGTGCGGCAGCTCGATCTTCGC	1	1	1	1
GTCTTGCCCAGACCGACGCCACCGTAGAGGA	1	1	1	1
GGGACGATGGCGGCGCGCGGCGTACGGCTAC	1	1	1	1
CATCCAGTTCTTCGCCCGTAAGGAGCGCTCC	1	1	1	1
AATACCTCGGTCGGCTTCTGGAACTGCTCGG	1	1	1	1
AGCCGAAGGCGACGAATTGCGTGTGTATGCA	1	1	1	1
CTCCGCGATGAGCTGCCGTCCCAACAATTCA	1	0	1	1
CTTCGCTCAGGAAGGAAACAGCCTCGACACC	1	1	1	1
GCTGGTCAGCATCGACAACATCCAGCGCACC	1	1	1	1
ATAAGTCCGGCCCGTCCGGCTACAATAGGCG	1	1	1	1
GTGAAATCGAACGGGCAGGTCAATTTCCAAC	1	1	1	1
CAGCATCGATCCGCTGGCCGCCGCCATGCCG	1	1	1	1
CCCTCGCCGCGTTCACCGAGCAGTTCCAGAA	1	1	1	1
AAAGCGCCGTCCCAAGAGCATTAACCGTTTC	1	1	1	1
ATCGGCGTGGCCTTCGGCGGTCGGGATCACA	1	0	1	1
CCCACCGCATGCATCAGGTGGGTCTTGCCCA	1	1	1	1
CTTTGAAGGGGGTACATCCCTGCGCACAGCC	1	1	1	1
CGGCGAGGGTCAGTTGCCCGCGCTTTCCTTA	1	1	1	1
CAATTGCGTGTTTCTCCGGCAGGCAATGATG	1	0	1	0
CAGGCCTTCGATTTCCTTCGGATAGCGGTCG	1	1	1	1
ATTCGTCGCCTTCGGCTTCGACCTGCAAGGG	1	1	1	1
GGCGTACGGCTACGCTTGCTGCCTATTAATA	1	1	1	1
CGGCGGTCGGGATCACACCACGGTGTTGCAC	1	0	1	1
CGTCAGGCCCCAGCCGAAGCGGGATTTCAGC	1	1	1	1
CAACGCCATCAACGAATTCAAGCGCTTCTAC	1	1	1	1
ACATCCAGTTCTTCGCCCGTAAGGAGCGCTC	1	1	1	1
AACCCGAACGCCAAGGTGGTCTACCTGCATT	1	1	1	1
ATAGAAACGGTTAATGCTCTTGGTGCATAAC	1	0	1	1
GGGTTCTTCCGGCTCATAGGGATCGCTCGAC	1	1	1	1
CTTGTATCTATACGTCATCGCTGGTTGGAAA	0	1	0	0
CACCACGGTGTTGCACGCCTGTCGTAAGATC	1	0	1	1
GAGCATTAACCGTTTCTATCCTTTAAATATA	1	0	1	1
AAGCAAGGGTTATCCACAAAGTCCAGGACGA	1	1	1	1
GCATCGATCCGCTGGCCGCCGCCATGCCGGC	1	1	1	1
ACTGTTGATCGACGACATCCAGTTCTTCGCC	1	1	1	1
GGTGGGTCTTGCCCAGACCGACGCCACCGTA	1	1	1	1
CATCGTCCCATCGCAGACCCACGTGGCTCCC	1	1	1	1
GTGTTGCACGCCTGTCGTAAGATCGCTCAAC	1	0	1	1
CGGGTTTCCAGTTCCGGCGGCTCGACGGCCA	1	1	1	1
AGCCGACCGAGGTATTTCTCGTTCACCCAAT	1	1	1	1
GGAGCAGCGCCTGCGGTGCGCACCGAGCGCA	1	1	1	1
CAATTTCCAACCAGCGATGACGTAATAGATA	1	0	1	1
CTCCGCCGCCGGCGCCAGTGCAGCCGGTATC	1	1	1	1
CAACAATTCAACACCTGGATCCGTCCCTTGC	1	1	1	1
AATTCGTTGATGGCGTTGAGCTGCAAGGCCT	1	1	1	1
ATCGGCCGCGCCCGTGGTAGTGCCACGTGAA	1	1	1	1
CGCGGACATGGTGAAGGCCTTGCAGCTCAAC	1	1	1	1
GATCACCTGCTGGCCGCCTTCGAGAAGGGCA	1	1	1	1
GTGCGCTGAAGCGGGTGATAGCCCACTCGCA	1	1	1	1
CTAAGTTGAGCGATCTTACGACAGGCGTGCA	1	0	1	1
CAACACCGTGGTGTGATCCCGACCGCCGAAG	1	0	1	1
CAGATCGGATATCTTGATCTTGTAGTACTCG	1	1	1	1
CTTCTTCATCGCCCAGCGCATCCGTTCCAAC	1	1	1	1
AGTGCAGCCGGTATCGGCCGCGCCCGTGGTA	1	1	1	1
CACTTCATGGGCCGGCCGATCACCATCGAGC	1	1	1	1
TGGCCATGGCGCTCTCCAAGGAGCTGACCAA	1	0	1	1
GAAATCGAACGGGCAGGTCAATTTCCAACCA	1	1	1	1
AACGCCAAGGTGGTCTACCTGCATTCGGAAC	1	1	1	1
CCTCGCCGCGTTCACCGAGCAGTTCCAGAAG	1	1	1	1
CACTCGCACTTCATGGGCCGGCCGATCACCA	1	1	1	1
AAGTGCGAGTGGGCTATCACCCGCTTCAGCG	1	1	1	1
AAGAAAAATGACTTCCTTGTATCTATCTATT	1	0	1	1
CCCTTGCTTTGAAGGGGGTACATCCCTGCGC	1	1	1	1
AGCGCCATGGCCACCTGGCGCGGGCGCGCCA	1	0	1	1
CACCGTAGAGGAACAGCGGGTTGTAGCCGTG	1	1	1	1
AGAAGCCGACCGAGGTATTTCTCGTTCACCC	1	1	1	1
CAACGTCCAGGTCGAAGGTGCGCTGAAGCAC	1	1	1	1
CCAGGCTTCGCTCAGGAAGGAAACAGCCTCG	1	1	0	0
CGCAATTCGTCGCCTTCGGCTTCGACCTGCA	1	1	1	1
GCTATCTCAACCGTACCTTCACCTTCGAGAA	1	1	1	1
CATCTCGTTCATCCCCAGGCTTCGCTCAGGA	1	1	1	1
AGCATCGATCCGCTGGCCGCCGCCATGCCGG	1	1	1	1
CTTCGACCTGGACGTTGCGCTCGGTGCGCAC	1	1	1	1
TCCGGCAGGCAATGATGATGAAGGTTGTCGA	1	0	1	0
ACCCAATCGAGGACGAAACGGTTGGGTGCAT	1	1	1	1
GCTGAAGCACACCAGCTATCTCAACCGTACC	1	1	1	1
CTATCATCGCTGGTTGGAAATTGACCTGCCC	1	0	1	1
AGGCCTGGAAGAGCGGCTGAAATCCCGCTTC	1	1	1	1
ACAACATCCAGCGCACCGTCGCCGAGTACTA	1	1	1	1
CTCGACAACCTTTTGCCTGCCGGAGAAACAC	1	1	1	1
CGTCGTCACTGGCGGCAGCTCTTCACGTGGC	1	1	1	1
AGTACTCGGCGACGGTGCGCTGGATGTTGTC	1	1	1	1
AGGAGCTGACCAACCACAGCCTGCCGGAGAT	1	0	1	1
AAAAATGACTTCCTTGTATCTATCTATTACG	1	0	1	1
AGTGCGTCCACCGAGCGGTAGAAGCGCTTGA	1	1	1	1
TAAAGGATAGAAACGGTTAATGCTCTTGGGA	1	1	1	1
ACCGTCGCCGAGTACTACAAGATCAAGATAT	1	1	1	1
GGCGGCGCGGGCCAACTGGTTGGACTTGCCC	1	1	1	1
AGCGGGTTGTAGCCGTGCTTGAGGTTGTCCG	1	1	1	1
CCGCCATCGTCCCATCGCAGACCCACGTGGC	1	1	1	1
CCCACGTGGCTCCCCCGCCTCCGGTTGCTCC	1	1	1	1
ATCGAGCTGATTCGCGAGTCGCTGAAGGACC	1	1	1	1
CGACCTGCAAGGGACGGATCCAGGTGTTGAA	1	1	1	1
CGGCTGTGCGCAGGGATGTACCCCCTTCAAA	1	1	1	1
CACACGCAATTCGTCGCCTTCGGCTTCGACC	1	1	1	1
GCCGCGCGCCGCCATCGTCCCATCGCAGACC	1	1	1	1
ATTATATATATTTAAAGGATAGAAACGGTTA	1	0	1	1
CTGGGCTTCATCGAGTTATGCACCAAGAGCA	1	0	1	1
AAGTCCAGGACGACCGTCCGTCGGCCTGCCT	1	1	1	1
CGCTTCTACCGCTCGGTGGACGCACTGTTGA	1	1	1	1
GCGGCACAACGAAATAAGCGCCTATTGTAGC	1	1	1	1
GCGTACGGCTACGCTTGCTGCCTATTAATAA	1	1	1	1
AACTCGATGAAGCCCAGCAATTGCGTGTTTC	1	1	1	1
CGGCAGCTCGATCTTCGCCTGCTCAGCCTTC	1	1	1	1
AACCATCTCGTTCATCCCCAGGCTTCGCTCA	1	1	1	1
GCAAGGGTTATCCACAAAGTCCAGGACGACC	1	1	1	1
CCAGAAGCCGACCGAGGTATTTCTCGTTCAC	1	1	1	1
CACCGAGCGCAACGTCCAGGTCGAAGGTGCG	1	1	1	1
CCGTGGTGTGATCCCGACCGCCGAAGGCCAC	1	0	1	1
GGAGCGCTCCCAGGAGGAGTTCTTCCACACC	1	1	1	1
CCTTCCTGAGCGAAGCCTGGGGATGAACGAG	1	1	1	1
CGCTTTCCTTATTAATAGGCAGCAAGCGTAG	1	1	1	1
AAGGAAACAGCCTCGACACCGGTTCTCGACA	1	1	1	1
CGCAACGTCCAGGTCGAAGGTGCGCTGAAGC	1	1	1	1
ATAAAAGCAGGCAGGCCGACGGACGGTCGTC	1	1	1	1
GAGCTGCCGTCCCAACAATTCAACACCTGGA	1	1	1	1
GTGGGCAACCACCTGCTGAAGAAGAACCCGA	1	1	1	1
GTATAGATACAAGGAAGTCATTTTTCTTTTA	0	1	0	0
CCCGACCGCCGAAGGCCACGCCGATCTCCGG	1	0	1	1
CGTTCGGGTTCTTCTTCAGCAGGTGGTTGCC	1	1	1	1
CATGCATCAGGTGGGTCTTGCCCAGACCGAC	1	1	1	1
CGGCAGGCAATGATGATGAAGGTTGTCGAGA	1	0	1	0
CGACCGAGGTATTTCTCGTTCACCCAATCGA	1	1	1	1
TCAGCGCACCTTCCAGTTCGCGCACGTTGGA	1	1	1	1
GTTTCTATCCTTTAAATATATATAATATATA	1	0	1	1
GTCATTTTTCTTATATATTATATATATTTAA	1	0	1	1
CGGGGGAGCCACGTGGGTCTGCGATGGGACG	1	1	1	1
TCGTTGATGGCGTTGAGCTGCAAGGCCTTCA	1	1	1	1
CTTCAGCAGGTGGTTGCCCACCGCATGCATC	1	1	1	1
CCGTACCTTCACCTTCGAGAACTTTGTCGAG	1	1	1	1
AACCGCTGTGGATAACCATCTCGTTCATCCC	1	1	1	1
GCTCAACTTAGGGAATCCGACGCGGATATCC	1	0	1	1
GATCTCCGGCAGGCTGTGGTTGGTCAGCTCC	1	0	1	1
CAGGCTTCGCTCAGGAAGGAAACAGCCTCGA	1	1	1	1
GACGGTGGCCGTCGAGCCGCCGGAACTGGAA	1	1	1	1
GCATCAGGTGGGTCTTGCCCAGACCGACGCC	1	1	1	1
CTGGATGTTGTCGATGCTGACCAGCTTGTCC	1	1	1	1
TGCTCTTGGGACGGCGCTTTTCTGTGCATAA	1	1	1	1
CGTCCTCGATTGGGTGAACGAGAAATACCTC	1	1	1	1
AGCATTAACCGTTTCTATCCTTTAAATATAT	1	0	1	1
CTTTAAAAGAAAAATGACTTCCTTGTATCTA	1	1	1	1
CGACAACATCCAGCGCACCGTCGCCGAGTAC	1	1	1	1
GGTTCTTCCGGCTCATAGGGATCGCTCGACA	1	1	1	1
CTGCTGCCAAAGTTCCACGGACACGGATATC	1	1	1	1
GAAAAATGACTTCCTTGTATCTATCTATTAC	1	0	1	1
CAACGTGCGCGAACTGGAAGGTGCGCTGAAG	1	1	1	1
AAGGGCATTGAAGGTGTGGAAGAACTCCTCC	1	1	1	1
TGCCGCACGATGCGGCCTTCTTCATCGCCCA	1	1	1	1
AGCGATCCCTATGAGCCGGAAGAACCCAGCA	1	1	1	1
GACGACATCCAGTTCTTCGCCCGTAAGGAGC	1	1	1	1
ACGTGCGCGAACTGGAAGGTGCGCTGAAGCG	1	1	1	1
GTAGTGCCACGTGAAGAGCTGCCGCCAGTGA	1	1	1	1
ACAGCCTGCCGGAGATCGGCGTGGCCTTCGG	1	0	1	1
GCTCTTCCAGGCCTTCGATTTCCTTCGGATA	1	1	1	1
GTGCCACGTGAAGAGCTGCCGCCAGTGACGA	1	1	1	1
GAAGCCTGGGGATGAACGAGATGGTTATCCA	1	1	1	1
CACAACGAAATAAGCGCCTATTGTAGCCGGA	1	1	1	1
AAGAACTGGATGTCGTCGATCAACAGTGCGT	1	1	1	1
GACTCGCGAATCAGCTCGATGGTGATCGGCC	1	1	1	1
ACCAGCGATGACGTATAGATACAAGGAAGTC	0	1	0	0
CAGGCCCCAGCCGAAGCGGGATTTCAGCCGC	1	1	1	1
CGGGTTGTAGCCGTGCTTGAGGTTGTCCGCC	1	1	1	1
TCGAGTTATGCACAGAAAAGCGCCGTCCCAA	1	1	1	1
ATGCGGTGGGCAACCACCTGCTGAAGAAGAA	1	1	1	1
CCGTAAGGAGCGCTCCCAGGAGGAGTTCTTC	1	1	1	1
ACACCGTGGTGTGATCCCGACCGCCGAAGGC	1	0	1	1
CGAGATGGTTATCCACAGCGGTTTTTTCCAC	1	1	1	1
GCGCGGGCAACTGACCCTCGCCGCGTTCACC	1	1	1	1
ACCAGCGATGACGTAATAGATAGATACAAGG	1	0	1	1
AAGAGCGGCTGAAATCCCGCTTCGGCTGGGG	1	1	1	1
CCATCGCAGACCCACGTGGCTCCCCCGCCTC	1	1	1	1
TATAGATACAAGGAAGTCATTTTTCTTTTAA	0	1	0	0
CAGCAGTGCGTGGATCTTCTCCGCGATGAGC	1	0	1	1
CGGCTCGACGGCCACCGTCAGGCCCCAGCCG	1	1	1	1
AAAGCGCGGGCAACTGACCCTCGCCGCGTTC	1	1	1	1
GATCCTCACCAGCGACCGCTATCCGAAGGAA	1	1	1	1
ACTTCCTTGTATCTATCATCGCTGGTTGGAA	1	0	1	1
GCCCTTCTCGAAGGCGGCCAGCAGGTGATCC	1	1	1	1
TAGAAGCGCTTGAATTCGTTGATGGCGTTGA	1	1	1	1
GCTTCATCGAGTTATGCACCAAGAGCATTAA	1	0	1	1
ACTGCTCGGTGAACGCGGCGAGGGTCAGTTG	1	1	1	1
TCCGCTGGCCGCCGCCATGCCGGCCGGAGCA	1	1	1	1
CAGTTGCCCGCGCTTTCCTTATTAATAGGCA	1	1	1	1
TCGATCTTCGCCTGCTCAGCCTTCTTCATCA	1	1	1	1
ACAACCCGCTGTTCCTCTACGGTGGCGTCGG	1	1	1	1
CACGCACTGCTGCCAAAGTTCCACGGACACG	1	1	1	1
CTTTTCTGTGCATAACTCGATGAAGCCCAGC	1	1	1	1
CGATTCTAGTGAAATCGAACGGGCAGGTCAA	1	1	1	1
ATTTCAGCCGCTCTTCCAGGCCTTCGATTTC	1	1	1	1
CTTCTTCATCAGGATCGCCACCCGGGTTTCC	1	1	1	1
CGACACGCTGGGAGCCGTCGTCACTGGCGGC	1	1	1	1
TAACCGTTTCTATCCTTTAAAAGAAAAATGA	1	1	1	1
GAGCCACGTGGGTCTGCGATGGGACGATGGC	1	1	1	1
CTGGACTTTGTGGATAACCCTTGCTTTGAAG	1	1	1	1
ATCAACGAATTCAAGCGCTTCTACCGCTCGG	1	1	1	1
CTTCACCATGTCCGCGACGAAACGTTCCGAA	1	1	1	1
ACCGTCCGTCGGCCTGCCTGCTTTTATTAAG	1	1	1	1
ACGGTTGGGTGCATACACACGCAATTCGTCG	1	1	1	1
ACACCACGGTGTTGCACGCCTGTCGTAAGAT	1	0	1	1
AAGGAGCGCTCCCAGGAGGAGTTCTTCCACA	1	1	1	1
TATCGGCCGCGCCCGTGGTAGTGCCACGTGA	1	1	1	1
ACCTGGACGTTGCGCTCGGTGCGCACCGCAG	1	1	1	1
CATCAACGAATTCAAGCGCTTCTACCGCTCG	1	1	1	1
GCCGTGTGGAAAAAACCGCTGTGGATAACCA	1	1	1	1
ACCGGCTGCACTGGCGCCGGCGGCGGAGCAA	1	1	1	1
AGAACCCGAACGCCAAGGTGGTCTACCTGCA	1	1	1	1
CCTTCTTCATCGCCCAGCGCATCCGTTCCAA	1	1	1	1
GGGAATCCGACGCGGATATCCGCGAGGACTA	1	0	1	1
AGCAAGGGTTATCCACAAAGTCCAGGACGAC	1	1	1	1
GATAGAAACGGTTAATGCTCTTGGTGCATAA	1	0	1	1
CGTTTCGTCGCGGACATGGTGAAGGCCTTGC	1	1	1	1
AGTCCAACCAGTTGGCCCGCGCCGCCGCCTG	1	1	1	1
CAAAGATTGGAAAGGCGGCACAACGAAATAA	1	1	1	1
CCCTATGAGCCGGAAGAACCCAGCATCGATC	1	1	1	1
AAAGCAAGGGTTATCCACAAAGTCCAGGACG	1	1	1	1
TCCAGTTCTTCGCCCGTAAGGAGCGCTCCCA	1	1	1	1
AGAGCTGCCGCCAGTGACGACGGCTCCCAGC	1	1	1	1
CGTAAGATCGCTCAACTTAGGGAATCCGACG	1	0	1	1
CTGCCAAAGTTCCACGGACACGGATATCCCC	1	1	1	1
CCACGTGGCTCCCCCGCCTCCGGTTGCTCCG	1	1	1	1
CAAGCTGGTCAGCATCGACAACATCCAGCGC	1	1	1	1
ATCACACCACGGTGTTGCACGCCTGTCGTAA	1	0	1	1
ATTCGGAACGTTTCGTCGCGGACATGGTGAA	1	1	1	1
AGTCGCTGAAGGACCTGTTGGCCCTTCAGGA	1	1	1	1
GCGGGCAACTGACCCTCGCCGCGTTCACCGA	1	1	1	1
AGGTGGCGGACAACCTCAAGCACGGCTACAA	1	1	1	1
CTATTAATAAGGAAAGCGCGGGCAACTGACC	1	1	1	1
ATATATATTTAAAGGATAGAAACGGTTAATG	1	0	1	1
AAATAAGCGCCTATTGTAGCCGGACGGGCCG	1	1	1	1
AGGTTGTCCGCCACCTGCCAGGCGGCGGCGC	1	1	1	1
CCTGGCGCGGGCGCGCCACCGAGCGCGAACG	1	0	1	1
CGCTTTTCTGTGCATAACTCGATGAAGCCCA	1	1	1	1
GTGCGCACCGCAGGCGCTGCTCCGGCCGGCA	1	1	1	1
GAGCCGCCGGAACTGGAAACCCGGGTGGCGA	1	1	1	1
CGAGTTATGCACCAAGAGCATTAACCGTTTC	1	0	1	1
AAAAATGACTTCCTTGTATCTATACGTCATC	0	1	0	0
ACGGCCACCGTCAGGCCCCAGCCGAAGCGGG	1	1	1	1
CGATCAACAGTGCGTCCACCGAGCGGTAGAA	1	1	1	1
CCGATACCGGCTGCACTGGCGCCGGCGGCGG	1	1	1	1
ATCGAGTTATGCACAGAAAAGCGCCGTCCCA	1	1	1	1
AGGTGGCCATGGCGCTCTCCAAGGAGCTGAC	1	0	1	1
ATCCCGACCGCCGAAGGCCACGCCGATCTCC	1	0	1	1
AATTGCTGGGCTTCATCGAGTTATGCACAGA	1	1	1	1
ACCACGGGCGCGGCCGATACCGGCTGCACTG	1	1	1	1
CTACGGTGGCGTCGGTCTGGGCAAGACCCAC	1	1	1	1
ATAGATACAAGGAAGTCATTTTTCTTATATA	1	0	1	1
CGGCGGCTCGACGGCCACCGTCAGGCCCCAG	1	1	1	1
AATTGCTGGGCTTCATCGAGTTATGCACCAA	1	0	1	1
GGTCAATTTCCAACCAGCGATGACGTATAGA	0	1	0	0
CGGTCGGCTTCTGGAACTGCTCGGTGAACGC	1	1	1	1
ACAAGGAAGTCATTTTTCTTATATATTATAT	1	0	1	1
ACGACAGGCGTGCAACACCGTGGTGTGATCC	1	0	1	1
CCGGTTCTCGACAACCTTTTGCCTGCCGGAG	1	1	1	1
CCAGCGATGACGTATAGATACAAGGAAGTCA	0	1	0	0
GAAGGAAACAGCCTCGTCTCGACAACCTTCA	1	0	1	0
AGCTGGTGTGCTTCAGCGCACCTTCGACCTG	1	1	1	1
GAGACGAGGCTGTTTCCTTCCTGAGCGAAGC	1	0	1	0
TCGAGACGAGGCTGTTTCCTTCCTGAGCGAA	1	0	1	0
GGCTTCGCTCAGGAAGGAAACAGCCTCGACA	1	1	1	1
CACAGAAAAGCGCCGTCCCAAGAGCATTAAC	1	1	1	1
GGGGGAGCCACGTGGGTCTGCGATGGGACGA	1	1	1	1
AGAAGGGCATTGAAGGTGTGGAAGAACTCCT	1	1	1	1
CATTGAAGGTGTGGAAGAACTCCTCCTGGGA	1	1	1	1
CTGTTCCTCTACGGTGGCGTCGGTCTGGGCA	1	1	1	1
AACCACCTGCTGAAGAAGAACCCGAACGCCA	1	1	1	1
ACCGAGCGGTAGAAGCGCTTGAATTCGTTGA	1	1	1	1
CCAGCAATTGCGTGTTTCTCCGGCAGGCAAA	1	1	1	1
CAGCCTGCCGGAGATCGGCGTGGCCTTCGGC	1	0	1	1
AGGTGATCCTCACCAGCGACCGCTATCCGAA	1	1	1	1
GGAAACAGCCTCGACACCGGTTCTCGACAAC	1	1	1	1
ATCATTGCCTGCCGGAGAAACACGCAATTGC	1	0	1	0
ACATCCCTGCGCACAGCCGTGTGGAAAAAAC	1	1	1	1
GCGGTTTTTTCCACACGGCTGTGCGCAGGGA	1	1	1	1
AACCTCAAGCACGGCTACAACCCGCTGTTCC	1	1	1	1
CCAGCATCGATCCGCTGGCCGCCGCCATGCC	1	1	1	1
CGATCCCTATGAGCCGGAAGAACCCAGCATC	1	1	1	1
CCGCGACGAAACGTTCCGAATGCAGGTAGAC	1	1	1	1
ACGGCAGCTCATCGCGGAGAAGATCCACGCA	1	0	1	1
TCCAGAAGCCGACCGAGGTATTTCTCGTTCA	1	1	1	1
GCGCCATGGCCACCTGGCGCGGGCGCGCCAC	1	0	1	1
GCCGGCCCATGAAGTGCGAGTGGGCTATCAC	1	1	1	1
ACCTTCGAGAACTTTGTCGAGGGCAAGTCCA	1	1	1	1
TGGAAGGTGCGCTGAAGCGGGTGATAGCCCA	1	1	1	1
CCCAACCGTTTCGTCCTCGATTGGGTGAACG	1	1	1	1
GCCGGAAGAACCCAGCATCGATCCGCTGGCC	1	1	1	1
AACGGATGCGCTGGGCGATGAAGAAGGCCGC	1	1	1	1
GTGCGAGTGGGCTATCACCCGCTTCAGCGCA	1	1	1	1
AAGCACGGCTACAACCCGCTGTTCCTCTACG	1	1	1	1
CCAGCGCACCGTCGCCGAGTACTACAAGATC	1	1	1	1
CGAAGGCCTGGAAGAGCGGCTGAAATCCCGC	1	1	1	1
CAGCCGTGTGGAAAAAACCGCTGTGGATAAC	1	1	1	1
CCTTTCCAATCTTTGGGGGATATCCGTGTCC	1	1	1	1
CGCCGCCGCCTGGCAGGTGGCGGACAACCTC	1	1	1	1
CGACGGCTCCCAGCGTGTCGAGCGATCCCTA	1	1	1	1
AACCTTCATCATCATTGCCTGCCGGAGAAAC	1	0	1	0
CCGCGCCGCCGCCTGGCAGGTGGCGGACAAC	1	1	1	1
CGAGGGCAAGTCCAACCAGTTGGCCCGCGCC	1	1	1	1
CGGCAGCTCATCGCGGAGAAGATCCACGCAC	1	0	1	1
CCGGGTTTCCAGTTCCGGCGGCTCGACGGCC	1	1	1	1
CTTCATCGAGTTATGCACCAAGAGCATTAAC	1	0	1	1
ACGGCTGTGCGCAGGGATGTACCCCCTTCAA	1	1	1	1
GACAACCTTCATCATCATTGCCTGCCGGAGA	1	0	1	0
CAAGGAGCTGACCAACCACAGCCTGCCGGAG	1	0	1	1
ACGGGCAGGTCAATTTCCAACCAGCGATGAT	1	0	1	1
AACGAGAAATACCTCGGTCGGCTTCTGGAAC	1	1	1	1
AGAACCCAGCATCGATCCGCTGGCCGCCGCC	1	1	1	1
AAGCGCCGTCCCAAGAGCATTAACCGTTTCT	1	1	1	1
GGAAATCGAAGGCCTGGAAGAGCGGCTGAAA	1	1	1	1
GCGACGAAACGTTCCGAATGCAGGTAGACCA	1	1	1	1
CGTCGCGGACATGGTGAAGGCCTTGCAGCTC	1	1	1	1
AGTGACGACGGCTCCCAGCGTGTCGAGCGAT	1	1	1	1
CGAGCGCGAACGCCGCTTGGACAACAGATCG	1	0	1	1
GCGCCCGCGCCAGGTGGCCATGGCGCTCTCC	1	0	1	1
AATTCAACACCTGGATCCGTCCCTTGCAGGT	1	1	1	1
CGAATTGCGTGTGTATGCACCCAACCGTTTC	1	1	1	1
AAGACCCACCTGATGCATGCGGTGGGCAACC	1	1	1	1
GCCACCCGGGTTTCCAGTTCCGGCGGCTCGA	1	1	1	1
GTACATCCCTGCGCACAGCCGTGTGGAAAAA	1	1	1	1
ATACCGGCTGCACTGGCGCCGGCGGCGGAGC	1	1	1	1
ACTGCTGCCAAAGTTCCACGGACACGGATAT	1	1	1	1
GATAAGTCCGGCCCGTCCGGCTACAATAGGC	1	1	1	1
AGACCACCTTGGCGTTCGGGTTCTTCTTCAG	1	1	1	1
AGAGGAACAGCGGGTTGTAGCCGTGCTTGAG	1	1	1	1
GGTGGCCGTCGAGCCGCCGGAACTGGAAACC	1	1	1	1
CGATTTCACTAGAATCGCCGGTCTCTTTAAA	1	1	1	1
CAGGCTGTGGTTGGTCAGCTCCTTGGAGAGC	1	0	1	1
ACGCCACCGTAGAGGAACAGCGGGTTGTAGC	1	1	1	1
GAAGCCGACCGAGGTATTTCTCGTTCACCCA	1	1	1	1
CGGGTGATAGCCCACTCGCACTTCATGGGCC	1	1	1	1
GTACCCCCTTCAAAGCAAGGGTTATCCACAA	1	1	1	1
TGTACCCCCTTCAAAGCAAGGGTTATCCACA	1	1	1	1
TCCAGTTCCGGCGGCTCGACGGCCACCGTCA	1	1	1	1
CCACAGCCTGCCGGAGATCGGCGTGGCCTTC	1	0	1	1
ACGCAATTGCTGGGCTTCATCGAGTTATGCA	1	1	1	1
CCTGGATCCGTCCCTTGCAGGTCGAAGCCGA	1	1	1	1
GCGGTGGGCAACCACCTGCTGAAGAAGAACC	1	1	1	1
AACTCCTCCTGGGAGCGCTCCTTACGGGCGA	1	1	1	1
CAGTGACGACGGCTCCCAGCGTGTCGAGCGA	1	1	1	1
CCACCGAGCGCGAACGCCGCTTGGACAACAG	1	0	1	1
ATCGAGCTGCCGCACGATGCGGCCTTCTTCA	1	1	1	1
GCCGACGGACGGTCGTCCTGGACTTTGTGGA	1	1	1	1
AGCGGTTTTTTCCACACGGCTGTGCGCAGGG	1	1	1	1
AAGCCCAGCAATTGCGTGTTTCTCCGGCAGG	1	1	1	1
CTACAAGATCAAGATATCCGATCTGTTGTCC	1	1	1	1
AGGTGAAGGTACGGTTGAGATAGCTGGTGTG	1	1	1	1
AGATCCACGCACTGCTGCCAAAGTTCCACGG	1	0	1	1
TCATCCCCAGGCTTCGCTCAGGAAGGAAACA	1	1	1	1
AACCAGCGATGATAGATACAAGGAAGTCATT	1	0	1	1
CAATCTTTGGGGGATATCCGTGTCCGTGGAA	1	1	1	1
CATCGGCATGTGGATAAGTCCGGCCCGTCCG	1	1	1	1
ACACCGGTTCTCGACAACCTTTTGCCTGCCG	1	1	1	1
AGGCTGTGGTTGGTCAGCTCCTTGGAGAGCG	1	0	1	1
TACATCCCTGCGCACAGCCGTGTGGAAAAAA	1	1	1	1
CCCAAGAGCATTAACCGTTTCTATCCTTTAA	1	1	1	1
CGGAACGTTTCGTCGCGGACATGGTGAAGGC	1	1	1	1
CAAGCACGGCTACAACCCGCTGTTCCTCTAC	1	1	1	1
AAATCCCGCTTCGGCTGGGGCCTGACGGTGG	1	1	1	1
CCGATCTGTTGTCCAAGCGGCGTTCGCGCTC	1	0	1	1
GATCTTCTCCGCGATGAGCTGCCGTCCCAAC	1	0	1	1
ATGTTGTCGATGCTGACCAGCTTGTCCTGAA	1	1	1	1
CACGTGAAGAGCTGCCGCCAGTGACGACGGC	1	1	1	1
CTGCCGGAGAAACACGCAATTGCTGGGCTTC	1	1	1	1
CATCCCTGCGCACAGCCGTGTGGAAAAAACC	1	1	1	1
CTTACGACAGGCGTGCAACACCGTGGTGTGA	1	0	1	1
AAGGCGGCACAACGAAATAAGCGCCTATTGT	1	1	1	1
AAGCGGGTGATAGCCCACTCGCACTTCATGG	1	1	1	1
CGGGATTTCAGCCGCTCTTCCAGGCCTTCGA	1	1	1	1
CTTATATATTATATATATTTAAAGGATAGAA	1	0	1	1
ACCTCAAGCACGGCTACAACCCGCTGTTCCT	1	1	1	1
AGCAAGCGTAGCCGTACGCCGCGCGCCGCCA	1	1	1	1
ATCCACGCACTGCTGCCAAAGTTCCACGGAC	1	0	1	1
CACCCGGGTTTCCAGTTCCGGCGGCTCGACG	1	1	1	1
GCGGATCGATGCTGGGTTCTTCCGGCTCATA	1	1	1	1
CAGGTCAATTTCCAACCAGCGATGACGTATA	0	1	0	0
ATCGGATATCTTGATCTTGTAGTACTCGGCG	1	1	1	1
TCCCTTGCAGGTCGAAGCCGAAGGCGACGAA	1	1	1	1
TAGAATCGCCGGTCTCCACACACAATTTAAA	1	0	1	1
AACGCGGCGAGGGTCAGTTGCCCGCGCTTTC	1	1	1	1
CCAACAGGTCCTTCAGCGACTCGCGAATCAG	1	1	1	1
TAGACCACCTTGGCGTTCGGGTTCTTCTTCA	1	1	1	1
GGACTTATCCACATGCCGATGCGCTGAGGCC	1	1	1	1
CGCCAGGTGGCCATGGCGCTCTCCAAGGAGC	1	0	1	1
ACCCGGGTGGCGATCCTGATGAAGAAGGCTG	1	1	1	1
ACCGCTCGGTGGACGCACTGTTGATCGACGA	1	1	1	1
CGCGGGCAACTGACCCTCGCCGCGTTCACCG	1	1	1	1
TGGATCTTCTCCGCGATGAGCTGCCGTCCCA	1	0	1	1
AACGAAATAAGCGCCTATTGTAGCCGGACGG	1	1	1	1
ATTTCCAACCAGCGATGACGTATAGATACAA	0	1	0	0
AAGATCCACGCACTGCTGCCAAAGTTCCACG	1	0	1	1
AACCACAGCCTGCCGGAGATCGGCGTGGCCT	1	0	1	1
GCAATTGCTGGGCTTCATCGAGTTATGCACC	1	0	1	0
GCGCTGAAGCACACCAGCTATCTCAACCGTA	1	1	1	1
AAGCGTAGCCGTACGCCGCGCGCCGCCATCG	1	1	1	1
GGCAGGCAATGATGATGAAGGTTGTCGAGAC	1	0	1	0
CGCGCCACCGAGCGCGAACGCCGCTTGGACA	1	0	1	1
ACGGACACGGATATCCCCCAAAGATTGGAAA	1	1	1	1
CGAGAACTTTGTCGAGGGCAAGTCCAACCAG	1	1	1	1
CGGCTGCACTGGCGCCGGCGGCGGAGCAACC	1	1	1	1
CAGGATCGCCACCCGGGTTTCCAGTTCCGGC	1	1	1	1
CACCCAATCGAGGACGAAACGGTTGGGTGCA	1	1	1	1
AGCCTCGACACCGGTTCTCGACAACCTTTTG	1	1	1	1
ACGTCCAGGTCGAAGGTGCGCTGAAGCACAC	1	1	1	1
CGTGTTTCTCCGGCAGGCAAAAGGTTGTCGA	1	1	1	1
CCAGGCCTTCGATTTCCTTCGGATAGCGGTC	1	1	1	1
CATGCGGTGGGCAACCACCTGCTGAAGAAGA	1	1	1	1
GACCTGTTGGCCCTTCAGGACAAGCTGGTCA	1	1	1	1
AGATATCCGATCTGTTGTCCAAGCGGCGTTC	1	0	1	1
CCGTCGCCGAGTACTACAAGATCAAGATATC	1	1	1	1
CGCTATCCGAAGGAAATCGAAGGCCTGGAAG	1	1	1	1
CTGCTGGCCGCCTTCGAGAAGGGCATTGAAG	1	1	1	1
AGGGACGGATCCAGGTGTTGAATTGTTGGGA	1	1	1	1
ACCTTCACCTTCGAGAACTTTGTCGAGGGCA	1	1	1	1
GCGGCGTACGGCTACGCTTGCTGCCTATTAA	1	1	1	1
TCGATGCTGACCAGCTTGTCCTGAAGGGCCA	1	1	1	1
CTTCACCTTCGAGAACTTTGTCGAGGGCAAG	1	1	1	1
AAGGGTTATCCACAAAGTCCAGGACGACCGT	1	1	1	1
AGTGAAATCGAACGGGCAGGTCAATTTCCAA	1	1	1	1
ATTCAACACCTGGATCCGTCCCTTGCAGGTC	1	1	1	1
CTACAATAGGCGCTTATTTCGTTGTGCCGCC	1	1	1	1
CTTCGGCTTCGACCTGCAAGGGACGGATCCA	1	1	1	1
CGACGGCCACCGTCAGGCCCCAGCCGAAGCG	1	1	1	1
TCGAGCGATCCCTATGAGCCGGAAGAACCCA	1	1	1	1
AGCCTGGGGATGAACGAGATGGTTATCCACA	1	1	1	1
CACATGCCGATGCGCTGAGGCCCCAAGCAAA	1	1	1	1
CGAACTGGAAGGTGCGCTGAAGCGGGTGATA	1	1	1	1
TCGGCGGTCGGGATCACACCACGGTGTTGCA	1	0	1	1
TGACCCTCGCCGCGTTCACCGAGCAGTTCCA	1	1	1	1
CAGGCGTGCAACACCGTGGTGTGATCCCGAC	1	0	1	1
ACAAAGTCCAGGACGACCGTCCGTCGGCCTG	1	1	1	1
AACAGCCTCGTCTCGACAACCTTCATCATCA	1	0	1	0
GATGACGTAATAGATAGATACAAGGAAGTCA	1	0	1	1
CATCCCCAGGCTTCGCTCAGGAAGGAAACAG	1	1	1	1
ATGACGTATAGATACAAGGAAGTCATTTTTC	0	1	0	0
AGGGTTATCCACAAAGTCCAGGACGACCGTC	1	1	1	1
ACGGATCCAGGTGTTGAATTGTTGGGACGGC	1	1	1	1
CCACCTTGGCGTTCGGGTTCTTCTTCAGCAG	1	1	1	1
GGATCTTCTCCGCGATGAGCTGCCGTCCCAA	1	0	1	1
CCGTCAGGCCCCAGCCGAAGCGGGATTTCAG	1	1	1	1
CAAGTCCAACCAGTTGGCCCGCGCCGCCGCC	1	1	1	1
CTCATCGCGGAGAAGATCCACGCACTGCTGC	1	0	1	1
GCGTGTCGAGCGATCCCTATGAGCCGGAAGA	1	1	1	1
ACAACGAAATAAGCGCCTATTGTAGCCGGAC	1	1	1	1
GGAAGAACCCAGCATCGATCCGCTGGCCGCC	1	1	1	1
ACAACAGATCGGATATCTTGATCTTGTAGTA	1	1	1	1
GCAATGATGATGAAGGTTGTCGAGACGAGGC	1	0	1	0
CATCGACAACATCCAGCGCACCGTCGCCGAG	1	1	1	1
ACCGTTTCTATCCTTTAAAAGAAAAATGACT	1	1	1	1
CGGCAGGCTGTGGTTGGTCAGCTCCTTGGAG	1	0	1	1
AGGCGCTTATTTCGTTGTGCCGCCTTTCCAA	1	1	1	1
CACGCCGATCTCCGGCAGGCTGTGGTTGGTC	1	0	1	1
TCGCGGACATGGTGAAGGCCTTGCAGCTCAA	1	1	1	1
TCTCGACAACCTTTTGCCTGCCGGAGAAACA	1	1	1	1
CTCAGCGCATCGGCATGTGGATAAGTCCGGC	1	1	1	1
CATACACACGCAATTCGTCGCCTTCGGCTTC	1	1	1	1
ATGGTGAAGGCCTTGCAGCTCAACGCCATCA	1	1	1	1
ATCACCATCGAGCTGATTCGCGAGTCGCTGA	1	1	1	1
CACAGCCGTGTGGAAAAAACCGCTGTGGATA	1	1	1	1
CATTTTTCTTATATATTATATATATTTAAAG	1	0	1	1
GCGGGGGAGCCACGTGGGTCTGCGATGGGAC	1	1	1	1
GGTGGCGGACAACCTCAAGCACGGCTACAAC	1	1	1	1
CCGGCTACAATAGGCGCTTATTTCGTTGTGC	1	1	1	1
CGCCTGCGGTGCGCACCGAGCGCAACGTCCA	1	1	1	1
AGGCCGACGGACGGTCGTCCTGGACTTTGTG	1	1	1	1
ACCAGCTATCTCAACCGTACCTTCACCTTCG	1	1	1	1
CCAGCGATGACGTAATAGATAGATACAAGGA	1	0	1	1
ACGGTGGCCGTCGAGCCGCCGGAACTGGAAA	1	1	1	1
AGAGCATTAACCGTTTCTATCCTTTAAATAT	1	0	1	1
CTCCCCCGCCTCCGGTTGCTCCGCCGCCGGC	1	1	1	1
CCACGGGCGCGGCCGATACCGGCTGCACTGG	1	1	1	1
AATGCTCTTGGTGCATAACTCGATGAAGCCC	1	0	1	1
AGTTCTTCGCCCGTAAGGAGCGCTCCCAGGA	1	1	1	1
AACAGATCGGATATCTTGATCTTGTAGTACT	1	1	1	1
CTCGGTGCGCACCGCAGGCGCTGCTCCGGCC	1	1	1	1
CACAGCCTGCCGGAGATCGGCGTGGCCTTCG	1	0	1	1
CGCAATTGCTGGGCTTCATCGAGTTATGCAC	1	1	1	1
GGCAGGTCAATTTCCAACCAGCGATGATAGA	1	0	1	1
ACCCTTGCTTTGAAGGGGGTACATCCCTGCG	1	1	1	1
ATCCCTATGAGCCGGAAGAACCCAGCATCGA	1	1	1	1
CTGCCGGAGATCGGCGTGGCCTTCGGCGGTC	1	0	1	1
CAGGGATGTACCCCCTTCAAAGCAAGGGTTA	1	1	1	1
TACTCGGCGACGGTGCGCTGGATGTTGTCGA	1	1	1	1
CCTTGCTTTGAAGGGGGTACATCCCTGCGCA	1	1	1	1
GCGCGGGCCAACTGGTTGGACTTGCCCTCGA	1	1	1	1
CACCAGCGACCGCTATCCGAAGGAAATCGAA	1	1	1	1
AAGCCGAAGGCGACGAATTGCGTGTGTATGC	1	1	1	1
CCATGTCCGCGACGAAACGTTCCGAATGCAG	1	1	1	1
GCCACCGAGCGCGAACGCCGCTTGGACAACA	1	0	1	1
GCGCTCTCCAAGGAGCTGACCAACCACAGCC	1	0	1	1
CGGCCGGAGCAGCGCCTGCGGTGCGCACCGA	1	1	1	1
AGACCCACCTGATGCATGCGGTGGGCAACCA	1	1	1	1
AAAATGACTTCCTTGTATCTATCATCGCTGG	1	0	1	1
GGGGGTACATCCCTGCGCACAGCCGTGTGGA	1	1	1	1
GATCACACCACGGTGTTGCACGCCTGTCGTA	1	0	1	1
ACCTGCATTCGGAACGTTTCGTCGCGGACAT	1	1	1	1
ATAGGGATCGCTCGACACGCTGGGAGCCGTC	1	1	1	1
CCTCGACAAAGTTCTCGAAGGTGAAGGTACG	1	1	1	1
CAGCTCATCGCGGAGAAGATCCACGCACTGC	1	0	1	1
AGACGAGGCTGTTTCCTTCCTGAGCGAAGCC	1	0	1	0
ACCCGCTTCAGCGCACCTTCCAGTTCGCGCA	1	1	1	1
CGTACGGCTACGCTTGCTGCCTATTAATAAG	1	1	1	1
AGACCTTAATAAAAGCAGGCAGGCCGACGGA	1	1	1	1
CACTGTTGATCGACGACATCCAGTTCTTCGC	1	1	1	1
AGGATAGAAACGGTTAATGCTCTTGGTGCAT	1	0	1	1
CCGCTATCCGAAGGAAATCGAAGGCCTGGAA	1	1	1	1
CTTGATCTTGTAGTACTCGGCGACGGTGCGC	1	1	1	1
CTGAAGGACCTGTTGGCCCTTCAGGACAAGC	1	1	1	1
ACCTTTTGCCTGCCGGAGAAACACGCAATTG	1	1	1	1
CAACCAGCGATGACGTATAGATACAAGGAAG	0	1	0	0
CGGTGCGCACCGAGCGCAACGTCCAGGTCGA	1	1	1	1
TCGATTTCACTAGAATCGCCGGTCTCTTTAA	1	1	1	1
AGCGGGTGATAGCCCACTCGCACTTCATGGG	1	1	1	1
AATGACTTCCTTGTATCTATACGTCATCGCT	0	1	0	0
CATCGCGGAGAAGATCCACGCACTGCTGCCA	1	0	1	1
GGTTAATGCTCTTGGTGCATAACTCGATGAA	1	0	1	1
AGCTCGATCTTCGCCTGCTCAGCCTTCTTCA	1	1	1	1
CCGGTTGCTCCGCCGCCGGCGCCAGTGCAGC	1	1	1	1
AGCAACCGGAGGCGGGGGAGCCACGTGGGTC	1	1	1	1
AAATCAAGACCTTAATAAAAGCAGGCAGGCC	1	1	1	1
ATTGACCTGCCCGTTCGATTTCACTAGAATC	1	1	1	1
AGGCGTGCAACACCGTGGTGTGATCCCGACC	1	0	1	1
CGAAGGCGGCCAGCAGGTGATCCTCACCAGC	1	1	1	1
AAGTTCCACGGACACGGATATCCCCCAAAGA	1	1	1	1
ATGAAGTGCGAGTGGGCTATCACCCGCTTCA	1	1	1	1
GCACCTTCCAGTTCGCGCACGTTGGAACGGA	1	1	1	1
AGGTCAATTTCCAACCAGCGATGACGTATAG	0	1	0	0
ACCGACGCCACCGTAGAGGAACAGCGGGTTG	1	1	1	1
ATAGGCAGCAAGCGTAGCCGTACGCCGCGCG	1	1	1	1
AATTTCCAACCAGCGATGACGTATAGATACA	0	1	0	0
AAATGACTTCCTTGTATCTATACGTCATCGC	0	1	0	0
ATGCGGCCTTCTTCATCGCCCAGCGCATCCG	1	1	1	1
AACGGTTGGGTGCATACACACGCAATTCGTC	1	1	1	1
ACGGTGCGCTGGATGTTGTCGATGCTGACCA	1	1	1	1
AGCAGGCGAAGATCGAGCTGCCGCACGATGC	1	1	1	1
ATCTATTACGTCATCGCTGGTTGGAAATTGA	1	0	1	1
AGCCGGAAGAACCCAGCATCGATCCGCTGGC	1	1	1	1
CATGTGGATAAGTCCGGCCCGTCCGGCTACA	1	1	1	1
CCTTGTATCTATACGTCATCGCTGGTTGGAA	0	1	0	0
AGATAGCTGGTGTGCTTCAGCGCACCTTCGA	1	1	1	1
ATTGTTGGGACGGCAGCTCATCGCGGAGAAG	1	0	1	1
GACACGCTGGGAGCCGTCGTCACTGGCGGCA	1	1	1	1
CGCACAGCCGTGTGGAAAAAACCGCTGTGGA	1	1	1	1
CAGGCAAAAGGTTGTCGAGAACCGGTGTCGA	1	1	1	1
ACCTGCCCGTTCGATTTCACTAGAATCGCCG	1	1	1	1
ATGGTTATCCACAGCGGTTTTTTCCACACGG	1	1	1	1
GGTATTTCTCGTTCACCCAATCGAGGACGAA	1	1	1	1
AACTTAGGGAATCCGACGCGGATATCCGCGA	1	0	1	1
CCCCAAAGATTGGAAAGGCGGCACAACGAAA	1	1	1	1
CATGGCGCTCTCCAAGGAGCTGACCAACCAC	1	0	1	1
CCGCCGCCATGCCGGCCGGAGCAGCGCCTGC	1	1	1	1
CCTCGGTCGGCTTCTGGAACTGCTCGGTGAA	1	1	1	1
CCTTCTCGAAGGCGGCCAGCAGGTGATCCTC	1	1	1	1
CCCAGCCGAAGCGGGATTTCAGCCGCTCTTC	1	1	1	1
GAATTGTTGGGACGGCAGCTCATCGCGGAGA	1	0	1	1
CGTCGATCAACAGTGCGTCCACCGAGCGGTA	1	1	1	1
ATGCTCTTGGTGCATAACTCGATGAAGCCCA	1	0	1	1
TCATCATCATTGCCTGCCGGAGAAACACGCA	1	0	1	0
AAGCGCCTATTGTAGCCGGACGGGCCGGACT	1	1	1	1
CGTCCCTTGCAGGTCGAAGCCGAAGGCGACG	1	1	1	1
GCGCCTGCGGTGCGCACCGAGCGCAACGTCC	1	1	1	1
GTGAGGATCACCTGCTGGCCGCCTTCGAGAA	1	1	1	1
ATCTATCATCGCTGGTTGGAAATTGACCTGC	1	0	1	1
AACCTTTTGCCTGCCGGAGAAACACGCAATT	1	1	1	1
CGCCGTCCCAAGAGCATTAACCGTTTCTATC	1	1	1	1
ACTCCTCCTGGGAGCGCTCCTTACGGGCGAA	1	1	1	1
TGTTCCTCTACGGTGGCGTCGGTCTGGGCAA	1	1	1	1
CAATTTCCAACCAGCGATGATAGATACAAGG	1	0	1	1
GAAGATCGAGCTGCCGCACGATGCGGCCTTC	1	1	1	1
CGAACGCCAAGGTGGTCTACCTGCATTCGGA	1	1	1	1
CGGATCGATGCTGGGTTCTTCCGGCTCATAG	1	1	1	1
CAGCGCACCTTCGACCTGGACGTTGCGCTCG	1	1	1	1
CGACGCCACCGTAGAGGAACAGCGGGTTGTA	1	1	1	1
CGGGCCAACTGGTTGGACTTGCCCTCGACAA	1	1	1	1
AGCTGCAAGGCCTTCACCATGTCCGCGACGA	1	1	1	1
TCTATCCTTTAAATATATATAATATATAAGA	1	0	1	1
GCGGATATCCGCGTCGGATTCCCTAAGTTGA	1	0	1	1
AGTGCGTGGATCTTCTCCGCGATGAGCTGCC	1	0	1	1
CTGCCGTCCCAACAATTCAACACCTGGATCC	1	1	1	1
AGGAAGGAAACAGCCTCGACACCGGTTCTCG	1	1	1	1
CCGCTTGGACAACAGATCGGATATCTTGATC	1	1	1	1
GCGGGCCAACTGGTTGGACTTGCCCTCGACA	1	1	1	1
AAATTGTGTGTGGAGACCGGCGATTCTAGTG	1	0	1	1
AGCGCGAACGCCGCTTGGACAACAGATCGGA	1	0	1	1
CACTGCTGCCAAAGTTCCACGGACACGGATA	1	1	1	1
ACTCGCACTTCATGGGCCGGCCGATCACCAT	1	1	1	1
CGATGACGTAATAGATAGATACAAGGAAGTC	1	0	1	1
CCCGTGGTAGTGCCACGTGAAGAGCTGCCGC	1	1	1	1
AGATGGTTATCCACAGCGGTTTTTTCCACAC	1	1	1	1
CGGTGGGCAACCACCTGCTGAAGAAGAACCC	1	1	1	1
CGGTTAATGCTCTTGGTGCATAACTCGATGA	1	0	1	1
CCGAACGCCAAGGTGGTCTACCTGCATTCGG	1	1	1	1
GGAGAAACACGCAATTGCTGGGCTTCATCGA	1	1	1	1
GGAAGGAAACAGCCTCGACACCGGTTCTCGA	1	1	1	1
CTGCTCAGCCTTCTTCATCAGGATCGCCACC	1	1	1	1
ACGGTGTTGCACGCCTGTCGTAAGATCGCTC	1	0	1	1
CAGTTCTTCGCCCGTAAGGAGCGCTCCCAGG	1	1	1	1
GGCAGGTCAATTTCCAACCAGCGATGACGTA	1	1	1	1
GATGTACCCCCTTCAAAGCAAGGGTTATCCA	1	1	1	1
CGCGCCAGGTGGCCATGGCGCTCTCCAAGGA	1	0	1	1
GCCCACCGCATGCATCAGGTGGGTCTTGCCC	1	1	1	1
AACTTTGTCGAGGGCAAGTCCAACCAGTTGG	1	1	1	1
CTTGTATCTATCATCGCTGGTTGGAAATTGA	1	0	1	1
TATCCTTTAAATATATATAATATATAAGAAA	1	0	1	1
TCCGCGATGAGCTGCCGTCCCAACAATTCAA	1	0	1	1
AAATACCTCGGTCGGCTTCTGGAACTGCTCG	1	1	1	1
GGCCATGGCGCTCTCCAAGGAGCTGACCAAC	1	0	1	1
ATTAACCGTTTCTATCCTTTAAAAGAAAAAT	1	1	1	1
AAGAGCATTAACCGTTTCTATCCTTTAAAAG	1	1	1	1
ACCATCGAGCTGATTCGCGAGTCGCTGAAGG	1	1	1	1
GGCGGCCAGCAGGTGATCCTCACCAGCGACC	1	1	1	1
CGGCCGCGCCCGTGGTAGTGCCACGTGAAGA	1	1	1	1
CGCGACGAAACGTTCCGAATGCAGGTAGACC	1	1	1	1
CTCGCCGCGTTCACCGAGCAGTTCCAGAAGC	1	1	1	1
ACTGGCGCCGGCGGCGGAGCAACCGGAGGCG	1	1	1	1
AAGAAAAATGACTTCCTTGTATCTATACGTC	0	1	0	0
CGCACCGTCGCCGAGTACTACAAGATCAAGA	1	1	1	1
CAAGATCAAGATATCCGATCTGTTGTCCAAG	1	1	1	1
CCGCGTTCACCGAGCAGTTCCAGAAGCCGAC	1	1	1	1
GCACCGCAGGCGCTGCTCCGGCCGGCATGGC	1	1	1	1
GTGGAAGAACTCCTCCTGGGAGCGCTCCTTA	1	1	1	1
GGCCCGCGCCGCCGCCTGGCAGGTGGCGGAC	1	1	1	1
AATTTCCAACCAGCGATGACGTAATAGATAG	1	0	1	1
CTCCGGCCGGCATGGCGGCGGCCAGCGGATC	1	1	1	1
ACCGAGCGCGAACGCCGCTTGGACAACAGAT	1	0	1	1
CGTTCATCCCCAGGCTTCGCTCAGGAAGGAA	1	1	1	1
AGCCTCGTCTCGACAACCTTCATCATCATTG	1	0	1	0
GATCGCCACCCGGGTTTCCAGTTCCGGCGGC	1	1	1	1
CGCGGCGTACGGCTACGCTTGCTGCCTATTA	1	1	1	1
GTCCCTTGCAGGTCGAAGCCGAAGGCGACGA	1	1	1	1
CACCTTGGCGTTCGGGTTCTTCTTCAGCAGG	1	1	1	1
AGCAAATCAAGACCTTAATAAAAGCAGGCAG	1	1	1	1
ATGGCCACCTGGCGCGGGCGCGCCACCGAGC	1	0	1	1
CGCATCGTGCGGCAGCTCGATCTTCGCCTGC	1	1	1	1
CCCTTCAGGACAAGCTGGTCAGCATCGACAA	1	1	1	1
CGAAGCCTGGGGATGAACGAGATGGTTATCC	1	1	1	1
ACGTGAAGAGCTGCCGCCAGTGACGACGGCT	1	1	1	1
CTGCACTGGCGCCGGCGGCGGAGCAACCGGA	1	1	1	1
TCGATCAACAGTGCGTCCACCGAGCGGTAGA	1	1	1	1
CGGCGGAGCAACCGGAGGCGGGGGAGCCACG	1	1	1	1
CGAGCGATCCCTATGAGCCGGAAGAACCCAG	1	1	1	1
GAAGATCCACGCACTGCTGCCAAAGTTCCAC	1	0	1	1
AAATCGAAGGCCTGGAAGAGCGGCTGAAATC	1	1	1	1
ATAGCCCACTCGCACTTCATGGGCCGGCCGA	1	1	1	1
AAACCCGGGTGGCGATCCTGATGAAGAAGGC	1	1	1	1
CCTCAAGCACGGCTACAACCCGCTGTTCCTC	1	1	1	1
CTATCCGAAGGAAATCGAAGGCCTGGAAGAG	1	1	1	1
CCAAGGAGCTGACCAACCACAGCCTGCCGGA	1	0	1	1
ATTTCACTAGAATCGCCGGTCTCCACACACA	1	0	1	1
AGCGCGGGCAACTGACCCTCGCCGCGTTCAC	1	1	1	1
GACGACGGCTCCCAGCGTGTCGAGCGATCCC	1	1	1	1
CGCTTGAATTCGTTGATGGCGTTGAGCTGCA	1	1	1	1
GTCACTGGCGGCAGCTCTTCACGTGGCACTA	1	1	1	1
CACCTGATGCATGCGGTGGGCAACCACCTGC	1	1	1	1
CGCCGATCTCCGGCAGGCTGTGGTTGGTCAG	1	0	1	1
AATTGTGTGTGGAGACCGGCGATTCTAGTGA	1	0	1	1
GCACGATGCGGCCTTCTTCATCGCCCAGCGC	1	1	1	1
GCTTCGGCTGGGGCCTGACGGTGGCCGTCGA	1	1	1	1
CGCATCCGTTCCAACGTGCGCGAACTGGAAG	1	1	1	1
GCTCATAGGGATCGCTCGACACGCTGGGAGC	1	1	1	1
GCATTAACCGTTTCTATCCTTTAAATATATA	1	0	1	1
GTCCGGCCCGTCCGGCTACAATAGGCGCTTA	1	1	1	1
CCGCCTTCGAGAAGGGCATTGAAGGTGTGGA	1	1	1	1
CCAGCGACCGCTATCCGAAGGAAATCGAAGG	1	1	1	1
CAGCTTGTCCTGAAGGGCCAACAGGTCCTTC	1	1	1	1
CTACAACCCGCTGTTCCTCTACGGTGGCGTC	1	1	1	1
AACGAGATGGTTATCCACAGCGGTTTTTTCC	1	1	1	1
AGGCTGAGCAGGCGAAGATCGAGCTGCCGCA	1	1	1	1
CAGCGGATCGATGCTGGGTTCTTCCGGCTCA	1	1	1	1
ACCCTCGCCGCGTTCACCGAGCAGTTCCAGA	1	1	1	1
CCCAGCATCGATCCGCTGGCCGCCGCCATGC	1	1	1	1
GGACGGTCGTCCTGGACTTTGTGGATAACCC	1	1	1	1
GCGTCGGTCTGGGCAAGACCCACCTGATGCA	1	1	1	1
CGAATTCAAGCGCTTCTACCGCTCGGTGGAC	1	1	1	1
CCCGCTTCAGCGCACCTTCCAGTTCGCGCAC	1	1	1	1
CTTCTACCGCTCGGTGGACGCACTGTTGATC	1	1	1	1
GTGTCGAGCGATCCCTATGAGCCGGAAGAAC	1	1	1	1
CACCCAACCGTTTCGTCCTCGATTGGGTGAA	1	1	1	1
ATGGGCCGGCCGATCACCATCGAGCTGATTC	1	1	1	1
AGATAGATACAAGGAAGTCATTTTTCTTTTA	1	0	1	1
GATGATAGATACAAGGAAGTCATTTTTCTTA	1	0	1	1
CGGGCGAAGAACTGGATGTCGTCGATCAACA	1	1	1	1
ACAAGGAAGTCATTTTTCTTTTAAAGGATAG	1	1	1	1
AAGAACCCGAACGCCAAGGTGGTCTACCTGC	1	1	1	1
CGGACATGGTGAAGGCCTTGCAGCTCAACGC	1	1	1	1
CGGCCACCGTCAGGCCCCAGCCGAAGCGGGA	1	1	1	1
CGTTGAGCTGCAAGGCCTTCACCATGTCCGC	1	1	1	1
CCGTTCCAACGTGCGCGAACTGGAAGGTGCG	1	1	1	1
CTTCCTGAGCGAAGCCTGGGGATGAACGAGA	1	1	1	1
GTGCGTCCACCGAGCGGTAGAAGCGCTTGAA	1	1	1	1
ACCACCTTGGCGTTCGGGTTCTTCTTCAGCA	1	1	1	1
TCCCCCAAAGATTGGAAAGGCGGCACAACGA	1	1	1	1
GGATCGCTCGACACGCTGGGAGCCGTCGTCA	1	1	1	1
AGGGCAAGTCCAACCAGTTGGCCCGCGCCGC	1	1	1	1
AAAGGATAGAAACGGTTAATGCTCTTGGGAC	1	1	1	1
GAGATGGTTATCCACAGCGGTTTTTTCCACA	1	1	1	1
ACAACCTTCATCATCATTGCCTGCCGGAGAA	1	0	1	0
GCCGCCGCCTGGCAGGTGGCGGACAACCTCA	1	1	1	1
GAGAAGGGCATTGAAGGTGTGGAAGAACTCC	1	1	1	1
GGGCAACCACCTGCTGAAGAAGAACCCGAAC	1	1	1	1
CAGGCGAAGATCGAGCTGCCGCACGATGCGG	1	1	1	1
CCGCCGGCGCCAGTGCAGCCGGTATCGGCCG	1	1	1	1
CACCGAGCAGTTCCAGAAGCCGACCGAGGTA	1	1	1	1
CCCGTTCGATTTCACTAGAATCGCCGGTCTC	1	1	1	1
ATGAAGAAGGCCGCATCGTGCGGCAGCTCGA	1	1	1	1
AGGCTTCGCTCAGGAAGGAAACAGCCTCGTC	1	0	0	0
CGTTGCGCTCGGTGCGCACCGCAGGCGCTGC	1	1	1	1
ATCAGGATCGCCACCCGGGTTTCCAGTTCCG	1	1	1	1
ACTGGATGTCGTCGATCAACAGTGCGTCCAC	1	1	1	1
CCGAGCGCGAACGCCGCTTGGACAACAGATC	1	0	1	1
GGATGTCGTCGATCAACAGTGCGTCCACCGA	1	1	1	1
CATGCCGGCCGGAGCAGCGCCTGCGGTGCGC	1	1	1	1
CGTCCCAACAATTCAACACCTGGATCCGTCC	1	1	1	1
TAAGTTGAGCGATCTTACGACAGGCGTGCAA	1	0	1	1
GAAGGTGCGCTGAAGCACACCAGCTATCTCA	1	1	1	1
ACGTTGGAACGGATGCGCTGGGCGATGAAGA	1	1	1	1
GGCTTCATCGAGTTATGCACCAAGAGCATTA	1	0	1	1
ATCAGCTCGATGGTGATCGGCCGGCCCATGA	1	1	1	1
AGTTGAGCGATCTTACGACAGGCGTGCAACA	1	0	1	1
CGACGGACGGTCGTCCTGGACTTTGTGGATA	1	1	1	1
CACGGATATCCCCCAAAGATTGGAAAGGCGG	1	1	1	1
GCCGGTATCGGCCGCGCCCGTGGTAGTGCCA	1	1	1	1
AGGCCCCAAGCAAATCAAGACCTTAATAAAA	1	1	1	1
ATTCCCTAAGTTGAGCGATCTTACGACAGGC	1	0	1	1
CCACGTGAAGAGCTGCCGCCAGTGACGACGG	1	1	1	1
CGCCGCGTTCACCGAGCAGTTCCAGAAGCCG	1	1	1	1
AAGGAAAGCGCGGGCAACTGACCCTCGCCGC	1	1	1	1
CAACCGTTTCGTCCTCGATTGGGTGAACGAG	1	1	1	1
CTCGATCTTCGCCTGCTCAGCCTTCTTCATC	1	1	1	1
CTGGAAACCCGGGTGGCGATCCTGATGAAGA	1	1	1	1
GAGAAGATCCACGCACTGCTGCCAAAGTTCC	1	0	1	1
AATATATATAATATATAAGAAAAATGACTTC	1	0	1	1
CACCTGCTGAAGAAGAACCCGAACGCCAAGG	1	1	1	1
GCGTCGGATTCCCTAAGTTGAGCGATCTTAC	1	0	1	1
AGGCTGTTTCCTTCCTGAGCGAAGCCTGGGG	1	1	1	1
AAGCAAATCAAGACCTTAATAAAAGCAGGCA	1	1	1	1
CCACCTGCTGAAGAAGAACCCGAACGCCAAG	1	1	1	1
GGGACGGATCCAGGTGTTGAATTGTTGGGAC	1	1	1	1
CACGCCTGTCGTAAGATCGCTCAACTTAGGG	1	0	1	1
GAAGCACACCAGCTATCTCAACCGTACCTTC	1	1	1	1
AATCAAGACCTTAATAAAAGCAGGCAGGCCG	1	1	1	1
GGCAACTGACCCTCGCCGCGTTCACCGAGCA	1	1	1	1
CCGTCCGTCGGCCTGCCTGCTTTTATTAAGG	1	1	1	1
CGAGCCGCCGGAACTGGAAACCCGGGTGGCG	1	1	1	1
CGGGCAGGTCAATTTCCAACCAGCGATGATA	1	0	1	1
ATTGCCTGCCGGAGAAACACGCAATTGCTGG	1	0	1	0
CGTTTCTATCCTTTAAAAGAAAAATGACTTC	1	1	1	1
AGCCGGACGGGCCGGACTTATCCACATGCCG	1	1	1	1
CTTATCCACATGCCGATGCGCTGAGGCCCCA	1	1	1	1
GACGGACGGTCGTCCTGGACTTTGTGGATAA	1	1	1	1
GGTCAATTTCCAACCAGCGATGATAGATACA	1	0	1	1
CCAGCGGATCGATGCTGGGTTCTTCCGGCTC	1	1	1	1
CAAGGGTTATCCACAAAGTCCAGGACGACCG	1	1	1	1
GGATATCCGTGTCCGTGGAACTTTGGCAGCA	1	1	1	1
ATATATTATATATATTTAAAGGATAGAAACG	1	0	1	1
GCGTGGCCTTCGGCGGTCGGGATCACACCAC	1	0	1	1
GGCTCGACGGCCACCGTCAGGCCCCAGCCGA	1	1	1	1
TGGTGAAGGCCTTGCAGCTCAACGCCATCAA	1	1	1	1
CACCGTCGCCGAGTACTACAAGATCAAGATA	1	1	1	1
ACGCACTGCTGCCAAAGTTCCACGGACACGG	1	1	1	1
CGGCGGCGCGGGCCAACTGGTTGGACTTGCC	1	1	1	1
CAACCTTCATCATCATTGCCTGCCGGAGAAA	1	0	1	0
GGTTCTCGACAACCTTTTGCCTGCCGGAGAA	1	1	1	1
CAGCGGTTTTTTCCACACGGCTGTGCGCAGG	1	1	1	1
GCCCAGCGCATCCGTTCCAACGTGCGCGAAC	1	1	1	1
ATAGCTGGTGTGCTTCAGCGCACCTTCGACC	1	1	1	1
ACTGGCGGCAGCTCTTCACGTGGCACTACCA	1	1	1	1
GCAAAAGGTTGTCGAGAACCGGTGTCGAGGC	1	1	1	1
CCGCTCTTCCAGGCCTTCGATTTCCTTCGGA	1	1	1	1
CGTCTCGACAACCTTCATCATCATTGCCTGC	1	0	1	0
ATCCTTTAAATATATATAATATATAAGAAAA	1	0	1	1
CGCCCGTAAGGAGCGCTCCCAGGAGGAGTTC	1	1	1	1
GTGTGGAGACCGGCGATTCTAGTGAAATCGA	1	0	1	1
AGCGCATCGGCATGTGGATAAGTCCGGCCCG	1	1	1	1
GATCGGATATCTTGATCTTGTAGTACTCGGC	1	1	1	1
AAAAGCAGGCAGGCCGACGGACGGTCGTCCT	1	1	1	1
ACGGGCCGGACTTATCCACATGCCGATGCGC	1	1	1	1
CCCAGGAGGAGTTCTTCCACACCTTCAATGC	1	1	1	1
GAAGAAGAACCCGAACGCCAAGGTGGTCTAC	1	1	1	1
GCAAGACCCACCTGATGCATGCGGTGGGCAA	1	1	1	1
ACCTCGGTCGGCTTCTGGAACTGCTCGGTGA	1	1	1	1
AAAGTCCAGGACGACCGTCCGTCGGCCTGCC	1	1	1	1
AAGCGGGATTTCAGCCGCTCTTCCAGGCCTT	1	1	1	1
GAAATACCTCGGTCGGCTTCTGGAACTGCTC	1	1	1	1
AGCACGGCTACAACCCGCTGTTCCTCTACGG	1	1	1	1
GATAACCATCTCGTTCATCCCCAGGCTTCGC	1	1	1	1
AAGAACCCAGCATCGATCCGCTGGCCGCCGC	1	1	1	1
AGGCTTCGCTCAGGAAGGAAACAGCCTCGAC	1	1	1	1
AGTTCCGGCGGCTCGACGGCCACCGTCAGGC	1	1	1	1
AAGGCCGCATCGTGCGGCAGCTCGATCTTCG	1	1	1	1
CGGACACGGATATCCCCCAAAGATTGGAAAG	1	1	1	1
AATAGGCGCTTATTTCGTTGTGCCGCCTTTC	1	1	1	1
AAGAGACCGGCGATTCTAGTGAAATCGAACG	1	1	1	1
GAGCGGCTGAAATCCCGCTTCGGCTGGGGCC	1	1	1	1
CGGTCGCTGGTGAGGATCACCTGCTGGCCGC	1	1	1	1
AGAACCGGTGTCGAGGCTGTTTCCTTCCTGA	1	1	1	1
GATCCACGCACTGCTGCCAAAGTTCCACGGA	1	0	1	1
ACTTGCCCTCGACAAAGTTCTCGAAGGTGAA	1	1	1	1
ACGTTGCGCTCGGTGCGCACCGCAGGCGCTG	1	1	1	1
GGTTGTCGAGACGAGGCTGTTTCCTTCCTGA	1	0	1	0
GCTGTGCGCAGGGATGTACCCCCTTCAAAGC	1	1	1	1
CCAAGCAAATCAAGACCTTAATAAAAGCAGG	1	1	1	1
AAGGAAGTCATTTTTCTTTTAAAGGATAGAA	1	1	1	1
ATGACGTAATAGATAGATACAAGGAAGTCAT	1	0	1	1
AAGAAGAACCCGAACGCCAAGGTGGTCTACC	1	1	1	1
CAGTGCGTGGATCTTCTCCGCGATGAGCTGC	1	0	1	1
ATCGTCCCATCGCAGACCCACGTGGCTCCCC	1	1	1	1
AGGACAAGCTGGTCAGCATCGACAACATCCA	1	1	1	1
ACAGGCGTGCAACACCGTGGTGTGATCCCGA	1	0	1	1
TACCTGCATTCGGAACGTTTCGTCGCGGACA	1	1	1	1
CGTGTTTCTCCGGCAGGCAATGATGATGAAG	1	0	1	0
AAACACGCAATTGCTGGGCTTCATCGAGTTA	1	1	1	1
ATTGCGTGTTTCTCCGGCAGGCAAAAGGTTG	1	1	1	1
CCGGTATCGGCCGCGCCCGTGGTAGTGCCAC	1	1	1	1
CCGTTCGATTTCACTAGAATCGCCGGTCTCC	1	0	1	1
GCTTCGCTCAGGAAGGAAACAGCCTCGACAC	1	1	1	1
ATAAGGAAAGCGCGGGCAACTGACCCTCGCC	1	1	1	1
CGAGTCGCTGAAGGACCTGTTGGCCCTTCAG	1	1	1	1
GACCGGCGATTCTAGTGAAATCGAACGGGCA	1	1	1	1
CCGGCCCATGAAGTGCGAGTGGGCTATCACC	1	1	1	1
GCTGCCGCACGATGCGGCCTTCTTCATCGCC	1	1	1	1
CTTCTCGAAGGCGGCCAGCAGGTGATCCTCA	1	1	1	1
CCTGAAGGGCCAACAGGTCCTTCAGCGACTC	1	1	1	1
AATTTCCAACCAGCGATGATAGATACAAGGA	1	0	1	1
AGGTACGGTTGAGATAGCTGGTGTGCTTCAG	1	1	1	1
ACCAGCTTGTCCTGAAGGGCCAACAGGTCCT	1	1	1	1
CAGGTGATCCTCACCAGCGACCGCTATCCGA	1	1	1	1
CATCGTGCGGCAGCTCGATCTTCGCCTGCTC	1	1	1	1
CCTTCACCTTCGAGAACTTTGTCGAGGGCAA	1	1	1	1
GGCCTGACGGTGGCCGTCGAGCCGCCGGAAC	1	1	1	1
ATCCCCAGGCTTCGCTCAGGAAGGAAACAGC	1	1	1	1
AAACGGTTGGGTGCATACACACGCAATTCGT	1	1	1	1
GATCCGTCCCTTGCAGGTCGAAGCCGAAGGC	1	1	1	1
GGCAGCAGTGCGTGGATCTTCTCCGCGATGA	1	0	1	1
GGTGCGCTGAAGCACACCAGCTATCTCAACC	1	1	1	1
CGACCGCCGAAGGCCACGCCGATCTCCGGCA	1	0	1	1
CGGATATCCCCCAAAGATTGGAAAGGCGGCA	1	1	1	1
AGGCGACGAATTGCGTGTGTATGCACCCAAC	1	1	1	1
CGATCTTCGCCTGCTCAGCCTTCTTCATCAG	1	1	1	1
CAACCTCAAGCACGGCTACAACCCGCTGTTC	1	1	1	1
ACGATGCGGCCTTCTTCATCGCCCAGCGCAT	1	1	1	1
CAGCGGGTTGTAGCCGTGCTTGAGGTTGTCC	1	1	1	1
GAACTTTGGCAGCAGTGCGTGGATCTTCTCC	1	0	1	1
CGGCGTGGCCTTCGGCGGTCGGGATCACACC	1	0	1	1
GTTTCTCCGGCAGGCAAAAGGTTGTCGAGAA	1	1	1	1
GCTCGACGGCCACCGTCAGGCCCCAGCCGAA	1	1	1	1
CTGAAGCGGGTGATAGCCCACTCGCACTTCA	1	1	1	1
ACCTGGATCCGTCCCTTGCAGGTCGAAGCCG	1	1	1	1
ACCGTTTCTATCCTTTAAATATATATAATAT	1	0	1	1
TACCGGCTGCACTGGCGCCGGCGGCGGAGCA	1	1	1	1
AGGTGTTGAATTGTTGGGACGGCAGCTCATC	1	0	1	1
AAGCAGGCAGGCCGACGGACGGTCGTCCTGG	1	1	1	1
CTTGCTTTGAAGGGGGTACATCCCTGCGCAC	1	1	1	1
ACGCCGCGCGCCGCCATCGTCCCATCGCAGA	1	1	1	1
CGATACCGGCTGCACTGGCGCCGGCGGCGGA	1	1	1	1
TCTTGGTGCATAACTCGATGAAGCCCAGCAA	1	0	1	1
AGCGCACCTTCGACCTGGACGTTGCGCTCGG	1	1	1	1
ATCGCTCAACTTAGGGAATCCGACGCGGATA	1	0	1	1
CCGTGCTTGAGGTTGTCCGCCACCTGCCAGG	1	1	1	1
AAGCACACCAGCTATCTCAACCGTACCTTCA	1	1	1	1
CCCGAACGCCAAGGTGGTCTACCTGCATTCG	1	1	1	1
GAAGGAAACAGCCTCGACACCGGTTCTCGAC	1	1	1	1
GTCGCGGACATGGTGAAGGCCTTGCAGCTCA	1	1	1	1
GAGCAGCGCCTGCGGTGCGCACCGAGCGCAA	1	1	1	1
CTCATAGGGATCGCTCGACACGCTGGGAGCC	1	1	1	1
CTATTACGTCATCGCTGGTTGGAAATTGACC	1	0	1	1
GCTGCCAAAGTTCCACGGACACGGATATCCC	1	1	1	1
TGTGGAGACCGGCGATTCTAGTGAAATCGAA	1	0	1	1
CAGAAAAGCGCCGTCCCAAGAGCATTAACCG	1	1	1	1
ACGGATATCCCCCAAAGATTGGAAAGGCGGC	1	1	1	1
AGCCGAAGCGGGATTTCAGCCGCTCTTCCAG	1	1	1	1
ACCATCTCGTTCATCCCCAGGCTTCGCTCAG	1	1	1	1
CTCGATGAAGCCCAGCAATTGCGTGTTTCTC	1	1	1	1
CGACGAAACGTTCCGAATGCAGGTAGACCAC	1	1	1	1
ACTGGTTGGACTTGCCCTCGACAAAGTTCTC	1	1	1	1
AGTTCGCGCACGTTGGAACGGATGCGCTGGG	1	1	1	1
TCGAGAACTTTGTCGAGGGCAAGTCCAACCA	1	1	1	1
CCACAGCGGTTTTTTCCACACGGCTGTGCGC	1	1	1	1
CCGTCCCAACAATTCAACACCTGGATCCGTC	1	1	1	1
GGCATGTGGATAAGTCCGGCCCGTCCGGCTA	1	1	1	1
CTGGATGTCGTCGATCAACAGTGCGTCCACC	1	1	1	1
CTATCACCCGCTTCAGCGCACCTTCCAGTTC	1	1	1	1
ACGGTTGAGATAGCTGGTGTGCTTCAGCGCA	1	1	1	1
ATTGTAGCCGGACGGGCCGGACTTATCCACA	1	1	1	1
CCGGCGATTCTAGTGAAATCGAACGGGCAGG	1	1	1	1
AAGCCGACCGAGGTATTTCTCGTTCACCCAA	1	1	1	1
AAGGAAACAGCCTCGTCTCGACAACCTTCAT	1	0	1	0
GACCGTCCGTCGGCCTGCCTGCTTTTATTAA	1	1	1	1
AGCGCCTGCGGTGCGCACCGAGCGCAACGTC	1	1	1	1
GCCGTCCCAAGAGCATTAACCGTTTCTATCC	1	1	1	1
CAGACCGACGCCACCGTAGAGGAACAGCGGG	1	1	1	1
AGGTATTTCTCGTTCACCCAATCGAGGACGA	1	1	1	1
GGCAAGACCCACCTGATGCATGCGGTGGGCA	1	1	1	1
CGGATAGCGGTCGCTGGTGAGGATCACCTGC	1	1	0	0
CCTTCCAGTTCGCGCACGTTGGAACGGATGC	1	1	1	1
AGCAGTGCGTGGATCTTCTCCGCGATGAGCT	1	0	1	1
TCAAAGCAAGGGTTATCCACAAAGTCCAGGA	1	1	1	1
ACGTCATCGCTGGTTGGAAATTGACCTGCCC	1	1	1	1
CGTGGATCTTCTCCGCGATGAGCTGCCGTCC	1	0	1	1
GACTTATCCACATGCCGATGCGCTGAGGCCC	1	1	1	1
ATGAAGAAGGCTGAGCAGGCGAAGATCGAGC	1	1	1	1
GTCAATTTCCAACCAGCGATGACGTAATAGA	1	0	1	1
CGTAGCCGTACGCCGCGCGCCGCCATCGTCC	1	1	1	1
CGAGGTATTTCTCGTTCACCCAATCGAGGAC	1	1	1	1
GCGACGGTGCGCTGGATGTTGTCGATGCTGA	1	1	1	1
CAGGCAATGATGATGAAGGTTGTCGAGACGA	1	0	1	0
GTCAATTTCCAACCAGCGATGATAGATACAA	1	0	1	1
CAACCAGTTGGCCCGCGCCGCCGCCTGGCAG	1	1	1	1
ACTTTGTGGATAACCCTTGCTTTGAAGGGGG	1	1	1	1
AACCCAGCATCGATCCGCTGGCCGCCGCCAT	1	1	1	1
GCCGATCTCCGGCAGGCTGTGGTTGGTCAGC	1	0	1	1
GATTCGCGAGTCGCTGAAGGACCTGTTGGCC	1	1	1	1
CCGGAACTGGAAACCCGGGTGGCGATCCTGA	1	1	1	1
AATAAGGAAAGCGCGGGCAACTGACCCTCGC	1	1	1	1
AAAAGAAAAATGACTTCCTTGTATCTATACG	0	1	0	0
CATCAGGATCGCCACCCGGGTTTCCAGTTCC	1	1	1	1
GGCCGGCCCATGAAGTGCGAGTGGGCTATCA	1	1	1	1
CATCCAGCGCACCGTCGCCGAGTACTACAAG	1	1	1	1
CTGTTGATCGACGACATCCAGTTCTTCGCCC	1	1	1	1
CCGGAGCAGCGCCTGCGGTGCGCACCGAGCG	1	1	1	1
GTATCTATCTATTACGTCATCGCTGGTTGGA	1	0	1	1
CTCTCCAAGGAGCTGACCAACCACAGCCTGC	1	0	1	1
TATCTATACGTCATCGCTGGTTGGAAATTGA	0	1	0	0
CGGTTGCTCCGCCGCCGGCGCCAGTGCAGCC	1	1	1	1
GCGGCTCGACGGCCACCGTCAGGCCCCAGCC	1	1	1	1
CTCTTCACGTGGCACTACCACGGGCGCGGCC	1	1	1	1
TATCTATCTATTACGTCATCGCTGGTTGGAA	1	0	1	1
AATAGGCAGCAAGCGTAGCCGTACGCCGCGC	1	1	1	1
CCAACCAGCGATGATAGATACAAGGAAGTCA	1	0	1	1
TTATATATTATATATATTTAAAGGATAGAAA	1	0	1	1
GAACGCCAAGGTGGTCTACCTGCATTCGGAA	1	1	1	1
AGATCGGCGTGGCCTTCGGCGGTCGGGATCA	1	0	1	1
GCGTGTTTCTCCGGCAGGCAATGATGATGAA	1	0	1	0
AAAAGGTTGTCGAGAACCGGTGTCGAGGCTG	1	1	1	1
AGATCAAGATATCCGATCTGTTGTCCAAGCG	1	1	1	1
AAGAAGGCCGCATCGTGCGGCAGCTCGATCT	1	1	1	1
AGATCGGATATCTTGATCTTGTAGTACTCGG	1	1	1	1
CGACATCCAGTTCTTCGCCCGTAAGGAGCGC	1	1	1	1
ATATATAAGAAAAATGACTTCCTTGTATCTA	1	0	1	1
TCCTTCCTGAGCGAAGCCTGGGGATGAACGA	1	1	1	1
CCAGTTCTTCGCCCGTAAGGAGCGCTCCCAG	1	1	1	1
ATCCGAAGGAAATCGAAGGCCTGGAAGAGCG	1	1	1	1
CAGGTGGCGGACAACCTCAAGCACGGCTACA	1	1	1	1
CGACAGGCGTGCAACACCGTGGTGTGATCCC	1	0	1	1
GCAGCTCTTCACGTGGCACTACCACGGGCGC	1	1	1	1
AAATGACTTCCTTGTATCTATCTATTACGTC	1	0	1	1
CACCTGGATCCGTCCCTTGCAGGTCGAAGCC	1	1	1	1
ATGTGGATAAGTCCGGCCCGTCCGGCTACAA	1	1	1	1
CGTTGGAACGGATGCGCTGGGCGATGAAGAA	1	1	1	1
CGGGCAGGTCAATTTCCAACCAGCGATGACG	1	1	1	1
CTCGCACTTCATGGGCCGGCCGATCACCATC	1	1	1	1
CGCTCGGTGGCGCGCCCGCGCCAGGTGGCCA	1	0	1	1
ATCCACATGCCGATGCGCTGAGGCCCCAAGC	1	1	1	1
ATCCCCCAAAGATTGGAAAGGCGGCACAACG	1	1	1	1
CAGGCGCTGCTCCGGCCGGCATGGCGGCGGC	1	1	1	1
CGATGAAGAAGGCCGCATCGTGCGGCAGCTC	1	1	1	1
CGGATATCTTGATCTTGTAGTACTCGGCGAC	1	1	1	1
CTTCAGCGCACCTTCGACCTGGACGTTGCGC	1	1	1	1
CCCACTCGCACTTCATGGGCCGGCCGATCAC	1	1	1	1
CCACGGTGTTGCACGCCTGTCGTAAGATCGC	1	0	1	1
CTGGGCGATGAAGAAGGCCGCATCGTGCGGC	1	1	1	1
GACAACCTTTTGCCTGCCGGAGAAACACGCA	1	1	1	1
ATACAAGGAAGTCATTTTTCTTTTAAAGGAT	1	1	1	1
ATCCCGCTTCGGCTGGGGCCTGACGGTGGCC	1	1	1	1
GCCCAGACCGACGCCACCGTAGAGGAACAGC	1	1	1	1
TGTGCGCAGGGATGTACCCCCTTCAAAGCAA	1	1	1	1
CACCTGCCAGGCGGCGGCGCGGGCCAACTGG	1	1	1	1
CCATCTCGTTCATCCCCAGGCTTCGCTCAGG	1	1	1	1
CGCGAACTGGAAGGTGCGCTGAAGCGGGTGA	1	1	1	1
CAGGTGGTTGCCCACCGCATGCATCAGGTGG	1	1	1	1
CCGCCAGTGACGACGGCTCCCAGCGTGTCGA	1	1	1	1
AGCACACCAGCTATCTCAACCGTACCTTCAC	1	1	1	1
ACCGTAGAGGAACAGCGGGTTGTAGCCGTGC	1	1	1	1
ACCGCCGAAGGCCACGCCGATCTCCGGCAGG	1	0	1	1
ATTTCCAACCAGCGATGATAGATACAAGGAA	1	0	1	1
CCCAAGCAAATCAAGACCTTAATAAAAGCAG	1	1	1	1
AAGAACTCCTCCTGGGAGCGCTCCTTACGGG	1	1	1	1
GCAGCAAGCGTAGCCGTACGCCGCGCGCCGC	1	1	1	1
GGTTGTAGCCGTGCTTGAGGTTGTCCGCCAC	1	1	1	1
AGGTCGAAGGTGCGCTGAAGCACACCAGCTA	1	1	1	1
CATTCGGAACGTTTCGTCGCGGACATGGTGA	1	1	1	1
CATGGCCACCTGGCGCGGGCGCGCCACCGAG	1	0	1	1
ACTTTGTCGAGGGCAAGTCCAACCAGTTGGC	1	1	1	1
ATCGAACGGGCAGGTCAATTTCCAACCAGCG	1	1	1	1
GAACGAGAAATACCTCGGTCGGCTTCTGGAA	1	1	1	1
CGCCATCAACGAATTCAAGCGCTTCTACCGC	1	1	1	1
ACGGATGCGCTGGGCGATGAAGAAGGCCGCA	1	1	1	1
CCTCCGGTTGCTCCGCCGCCGGCGCCAGTGC	1	1	1	1
GCTTGAATTCGTTGATGGCGTTGAGCTGCAA	1	1	1	1
GCCAGCAGGTGATCCTCACCAGCGACCGCTA	1	1	1	1
CCCGGGTTTCCAGTTCCGGCGGCTCGACGGC	1	1	1	1
GCCTTCTTCATCGCCCAGCGCATCCGTTCCA	1	1	1	1
GAAACAGCCTCGACACCGGTTCTCGACAACC	1	1	1	1
GGAATCCGACGCGGATATCCGCGAGGACTAC	1	0	1	1
AAATCGAACGGGCAGGTCAATTTCCAACCAG	1	1	1	1
CGAGGACGAAACGGTTGGGTGCATACACACG	1	1	1	1
AAGGGGGTACATCCCTGCGCACAGCCGTGTG	1	1	1	1
ATAAGCGCCTATTGTAGCCGGACGGGCCGGA	1	1	1	1
GCACCCAACCGTTTCGTCCTCGATTGGGTGA	1	1	1	1
CAGTTGGCCCGCGCCGCCGCCTGGCAGGTGG	1	1	1	1
CGATGAAGCCCAGCAATTGCGTGTTTCTCCG	1	1	1	1
CGCCACCTGCCAGGCGGCGGCGCGGGCCAAC	1	1	1	1
CACTGGCGGCAGCTCTTCACGTGGCACTACC	1	1	1	1
CCACAAAGTCCAGGACGACCGTCCGTCGGCC	1	1	1	1
GCCTGCTCAGCCTTCTTCATCAGGATCGCCA	1	1	1	1
CAACTTAGGGAATCCGACGCGGATATCCGCG	1	0	1	1
CCATCGTCCCATCGCAGACCCACGTGGCTCC	1	1	1	1
ATGCATCAGGTGGGTCTTGCCCAGACCGACG	1	1	1	1
GCGCGGGCGCGCCACCGAGCGCGAACGCCGC	1	0	1	1
CGACGGTGCGCTGGATGTTGTCGATGCTGAC	1	1	1	1
AATCGAACGGGCAGGTCAATTTCCAACCAGC	1	1	1	1
GTGGCCATGGCGCTCTCCAAGGAGCTGACCA	1	0	1	1
ATTGCTGGGCTTCATCGAGTTATGCACAGAA	1	1	1	1
AGGCGGCCAGCAGGTGATCCTCACCAGCGAC	1	1	1	1
CGAGCTGCCGCACGATGCGGCCTTCTTCATC	1	1	1	1
ATCGCAGACCCACGTGGCTCCCCCGCCTCCG	1	1	1	1
CACTACCACGGGCGCGGCCGATACCGGCTGC	1	1	1	1
GTTCTTCTTCAGCAGGTGGTTGCCCACCGCA	1	1	1	1
CGGCTCCCAGCGTGTCGAGCGATCCCTATGA	1	1	1	1
GCGCGCCGCCATCGTCCCATCGCAGACCCAC	1	1	1	1
CAGCGCACCGTCGCCGAGTACTACAAGATCA	1	1	1	1
CCATCGAGCTGATTCGCGAGTCGCTGAAGGA	1	1	1	1
AGCGGCTGAAATCCCGCTTCGGCTGGGGCCT	1	1	1	1
GACGATGGCGGCGCGCGGCGTACGGCTACGC	1	1	1	1
CAAAGCAAGGGTTATCCACAAAGTCCAGGAC	1	1	1	1
ATTTCTCGTTCACCCAATCGAGGACGAAACG	1	1	1	1
AAGATTGGAAAGGCGGCACAACGAAATAAGC	1	1	1	1
CGGAGATCGGCGTGGCCTTCGGCGGTCGGGA	1	0	1	1
GGACGGCGCTTTTCTGTGCATAACTCGATGA	1	1	1	1
CCGCTCGGTGGACGCACTGTTGATCGACGAC	1	1	1	1
AAGGTTGTCGAGACGAGGCTGTTTCCTTCCT	1	0	1	0
CGTGGCCTTCGGCGGTCGGGATCACACCACG	1	0	1	1
GGGTTGTAGCCGTGCTTGAGGTTGTCCGCCA	1	1	1	1
CGCCTGCTCAGCCTTCTTCATCAGGATCGCC	1	1	1	1
CTGGATCCGTCCCTTGCAGGTCGAAGCCGAA	1	1	1	1
GACCAGCTTGTCCTGAAGGGCCAACAGGTCC	1	1	1	1
GACGGTGCGCTGGATGTTGTCGATGCTGACC	1	1	1	1
GGACGAAACGGTTGGGTGCATACACACGCAA	1	1	1	1
CCGCCGGAACTGGAAACCCGGGTGGCGATCC	1	1	1	1
AGCGCTCCTTACGGGCGAAGAACTGGATGTC	1	1	1	1
CCGCATGCATCAGGTGGGTCTTGCCCAGACC	1	1	1	1
GGCGTTCGCGCTCGGTGGCGCGCCCGCGCCA	1	0	1	1
CCCCTTCAAAGCAAGGGTTATCCACAAAGTC	1	1	1	1
ACCAGTTGGCCCGCGCCGCCGCCTGGCAGGT	1	1	1	1
ACCTTCATCATCATTGCCTGCCGGAGAAACA	1	0	1	0
GCACCGAGCGCAACGTCCAGGTCGAAGGTGC	1	1	1	1
GGCGCTTTTCTGTGCATAACTCGATGAAGCC	1	1	1	1
GATGCGCTGAGGCCCCAAGCAAATCAAGACC	1	1	1	1
GAGATCGGCGTGGCCTTCGGCGGTCGGGATC	1	0	1	1
TCTTCTCCGCGATGAGCTGCCGTCCCAACAA	1	0	1	1
CGTTGATGGCGTTGAGCTGCAAGGCCTTCAC	1	1	1	1
CCGTTTCGTCCTCGATTGGGTGAACGAGAAA	1	1	1	1
ACCGTACCTTCACCTTCGAGAACTTTGTCGA	1	1	1	1
CCTGATGAAGAAGGCTGAGCAGGCGAAGATC	1	1	1	1
GCCCGCGCCGCCGCCTGGCAGGTGGCGGACA	1	1	1	1
GCTACGCTTGCTGCCTATTAATAAGGAAAGC	1	1	1	1
GAGAAATACCTCGGTCGGCTTCTGGAACTGC	1	1	1	1
CGGTGGCCGTCGAGCCGCCGGAACTGGAAAC	1	1	1	1
GCAGGTCAATTTCCAACCAGCGATGACGTAA	1	0	1	1
CTTCGCCTGCTCAGCCTTCTTCATCAGGATC	1	1	1	1
ACACGGCTGTGCGCAGGGATGTACCCCCTTC	1	1	1	1
AGAAGGCTGAGCAGGCGAAGATCGAGCTGCC	1	1	1	1
CTGATGCATGCGGTGGGCAACCACCTGCTGA	1	1	1	1
ATGAAGCCCAGCAATTGCGTGTTTCTCCGGC	1	1	1	1
CAGGAGGAGTTCTTCCACACCTTCAATGCCC	1	1	1	1
ATAGGCGCTTATTTCGTTGTGCCGCCTTTCC	1	1	1	1
ATTAATAGGCAGCAAGCGTAGCCGTACGCCG	1	1	1	1
GCTATCCGAAGGAAATCGAAGGCCTGGAAGA	1	1	1	1
ATACGTCATCGCTGGTTGGAAATTGACCTGC	0	1	0	0
AAGGTGCGCTGAAGCACACCAGCTATCTCAA	1	1	1	1
GCCGGCCGATCACCATCGAGCTGATTCGCGA	1	1	1	1
ACGGTGGCGTCGGTCTGGGCAAGACCCACCT	1	1	1	1
CATCGCCCAGCGCATCCGTTCCAACGTGCGC	1	1	1	1
AAGGAAATCGAAGGCCTGGAAGAGCGGCTGA	1	1	1	1
CTTTTATTAAGGTCTTGATTTGCTTGGGGCC	1	1	1	1
CCGGCGCCAGTGCAGCCGGTATCGGCCGCGC	1	1	1	1
CCCGCGCCAGGTGGCCATGGCGCTCTCCAAG	1	0	1	1
AGGATCACCTGCTGGCCGCCTTCGAGAAGGG	1	1	1	1
TCCGTCCCTTGCAGGTCGAAGCCGAAGGCGA	1	1	1	1
ATGGCGGCGCGCGGCGTACGGCTACGCTTGC	1	1	1	1
CACGCAATTCGTCGCCTTCGGCTTCGACCTG	1	1	1	1
ACACACGCAATTCGTCGCCTTCGGCTTCGAC	1	1	1	1
ATTTCGTTGTGCCGCCTTTCCAATCTTTGGG	1	1	1	1
CCTCGACACCGGTTCTCGACAACCTTTTGCC	1	1	1	1
CGGACGGTCGTCCTGGACTTTGTGGATAACC	1	1	1	1
CCTGGACTTTGTGGATAACCCTTGCTTTGAA	1	1	1	1
ACCGCTGTGGATAACCATCTCGTTCATCCCC	1	1	1	1
AAGCGCTTCTACCGCTCGGTGGACGCACTGT	1	1	1	1
CCAATCTTTGGGGGATATCCGTGTCCGTGGA	1	1	1	1
ACAGCCTCGTCTCGACAACCTTCATCATCAT	1	0	1	0
TCACCAGCGACCGCTATCCGAAGGAAATCGA	1	1	1	1
CCACGTGGGTCTGCGATGGGACGATGGCGGC	1	1	1	1
CGCGCCGCCGCCTGGCAGGTGGCGGACAACC	1	1	1	1
AATGCTCTTGGGACGGCGCTTTTCTGTGCAT	1	1	1	1
CTGCTCGGTGAACGCGGCGAGGGTCAGTTGC	1	1	1	1
CGGATCCAGGTGTTGAATTGTTGGGACGGCA	1	1	1	1
AATCAGCTCGATGGTGATCGGCCGGCCCATG	1	1	1	1
CGGTGTTGCACGCCTGTCGTAAGATCGCTCA	1	0	1	1
GGCTGAGCAGGCGAAGATCGAGCTGCCGCAC	1	1	1	1
GTAAGGAGCGCTCCCAGGAGGAGTTCTTCCA	1	1	1	1
GACCTGGACGTTGCGCTCGGTGCGCACCGCA	1	1	1	1
AACCGGAGGCGGGGGAGCCACGTGGGTCTGC	1	1	1	1
CTGTGGATAACCATCTCGTTCATCCCCAGGC	1	1	1	1
AGGCAGCAAGCGTAGCCGTACGCCGCGCGCC	1	1	1	1
GGTGAGGATCACCTGCTGGCCGCCTTCGAGA	1	1	1	1
ACACCTGGATCCGTCCCTTGCAGGTCGAAGC	1	1	1	1
ATCCTGATGAAGAAGGCTGAGCAGGCGAAGA	1	1	1	1
ACGTGGCACTACCACGGGCGCGGCCGATACC	1	1	1	1
CGGCGTTCGCGCTCGGTGGCGCGCCCGCGCC	1	0	1	1
CATCGCTGGTTGGAAATTGACCTGCCCGTTC	1	1	1	1
CATCGATCCGCTGGCCGCCGCCATGCCGGCC	1	1	1	1
CGACCTGGACGTTGCGCTCGGTGCGCACCGC	1	1	1	1
CGGGATCACACCACGGTGTTGCACGCCTGTC	1	0	1	1
ATCGAAGGCCTGGAAGAGCGGCTGAAATCCC	1	1	1	1
ATTTAAAGGATAGAAACGGTTAATGCTCTTG	1	0	1	1
GCATCGGCATGTGGATAAGTCCGGCCCGTCC	1	1	1	1
AAACAGCCTCGTCTCGACAACCTTCATCATC	1	0	1	0
TCGCCCAGCGCATCCGTTCCAACGTGCGCGA	1	1	1	1
TCCAACCAGCGATGACGTATAGATACAAGGA	0	1	0	0
ACGGTTAATGCTCTTGGGACGGCGCTTTTCT	1	1	1	1
CTTGCTGCCTATTAATAAGGAAAGCGCGGGC	1	1	1	1
AAAAACCGCTGTGGATAACCATCTCGTTCAT	1	1	1	1
AGAGCGCCATGGCCACCTGGCGCGGGCGCGC	1	0	1	1
AGGGAATCCGACGCGGATATCCGCGAGGACT	1	0	1	1
CGGAGCAGCGCCTGCGGTGCGCACCGAGCGC	1	1	1	1
AAAGGTTGTCGAGAACCGGTGTCGAGGCTGT	1	1	1	1
GAGGCCCCAAGCAAATCAAGACCTTAATAAA	1	1	1	1
TTATCCACATGCCGATGCGCTGAGGCCCCAA	1	1	1	1
ATCGATCCGCTGGCCGCCGCCATGCCGGCCG	1	1	1	1
ACCGAGCGCAACGTCCAGGTCGAAGGTGCGC	1	1	1	1
AGGGTCAGTTGCCCGCGCTTTCCTTATTAAT	1	1	1	1
AGCCGGTATCGGCCGCGCCCGTGGTAGTGCC	1	1	1	1
GAGCGCCATGGCCACCTGGCGCGGGCGCGCC	1	0	1	1
AAGTCATTTTTCTTTTAAAGGATAGAAACGG	1	1	1	1
CGGTTGGGTGCATACACACGCAATTCGTCGC	1	1	1	1
ACTGGAAGGTGCGCTGAAGCGGGTGATAGCC	1	1	1	1
AACGTGCGCGAACTGGAAGGTGCGCTGAAGC	1	1	1	1
CCTGTTGGCCCTTCAGGACAAGCTGGTCAGC	1	1	1	1
ACGCCTGTCGTAAGATCGCTCAACTTAGGGA	1	0	1	1
AAGACCTTAATAAAAGCAGGCAGGCCGACGG	1	1	1	1
AACACCGTGGTGTGATCCCGACCGCCGAAGG	1	0	1	1
AATAAGCGCCTATTGTAGCCGGACGGGCCGG	1	1	1	1
AAACGGTTAATGCTCTTGGTGCATAACTCGA	1	0	1	1
CAGCGACCGCTATCCGAAGGAAATCGAAGGC	1	1	1	1
AGTTATGCACCAAGAGCATTAACCGTTTCTA	1	0	1	1
ACGGGCGAAGAACTGGATGTCGTCGATCAAC	1	1	1	1
AGACCCACGTGGCTCCCCCGCCTCCGGTTGC	1	1	1	1
CGATGCGCTGAGGCCCCAAGCAAATCAAGAC	1	1	1	1
GGGTCAGTTGCCCGCGCTTTCCTTATTAATA	1	1	1	1
CGATTTCCTTCGGATAGCGGTCGCTGGTGAG	1	1	1	1
AAAGATTGGAAAGGCGGCACAACGAAATAAG	1	1	1	1
ATCTTGTAGTACTCGGCGACGGTGCGCTGGA	1	1	1	1
CTGGCGCGGGCGCGCCACCGAGCGCGAACGC	1	0	1	1
CTCCTCCTGGGAGCGCTCCTTACGGGCGAAG	1	1	1	1
ACCACCTGCTGAAGAAGAACCCGAACGCCAA	1	1	1	1
CCGGAAGAACCCAGCATCGATCCGCTGGCCG	1	1	1	1
ATGCCGGCCGGAGCAGCGCCTGCGGTGCGCA	1	1	1	1
GCGCTGAGGCCCCAAGCAAATCAAGACCTTA	1	1	1	1
CACGTTGGAACGGATGCGCTGGGCGATGAAG	1	1	1	1
ACGATGGCGGCGCGCGGCGTACGGCTACGCT	1	1	1	1
CGGATTCCCTAAGTTGAGCGATCTTACGACA	1	0	1	1
GGCGGCGGAGCAACCGGAGGCGGGGGAGCCA	1	1	1	1
CAGCCGGTATCGGCCGCGCCCGTGGTAGTGC	1	1	1	1
GATCCAGGTGTTGAATTGTTGGGACGGCAGC	1	1	1	1
GAAGTGCGAGTGGGCTATCACCCGCTTCAGC	1	1	1	1
AGTGGGCTATCACCCGCTTCAGCGCACCTTC	1	1	1	1
ACCCGAACGCCAAGGTGGTCTACCTGCATTC	1	1	1	1
CGCCTTCGAGAAGGGCATTGAAGGTGTGGAA	1	1	1	1
AACTGGATGTCGTCGATCAACAGTGCGTCCA	1	1	1	1
ATCGGCCGGCCCATGAAGTGCGAGTGGGCTA	1	1	1	1
CACCTTCGAGAACTTTGTCGAGGGCAAGTCC	1	1	1	1
AACTTTGGCAGCAGTGCGTGGATCTTCTCCG	1	0	1	1
AGTCCAGGACGACCGTCCGTCGGCCTGCCTG	1	1	1	1
ACGAAACGTTCCGAATGCAGGTAGACCACCT	1	1	1	1
GCTCGGTGAACGCGGCGAGGGTCAGTTGCCC	1	1	1	1
CAACCGGAGGCGGGGGAGCCACGTGGGTCTG	1	1	1	1
CAATTGCTGGGCTTCATCGAGTTATGCACAG	1	1	1	1
CCGCTTCAGCGCACCTTCCAGTTCGCGCACG	1	1	1	1
CCGGACTTATCCACATGCCGATGCGCTGAGG	1	1	1	1
CATGGTGAAGGCCTTGCAGCTCAACGCCATC	1	1	1	1
TCGCTGAAGGACCTGTTGGCCCTTCAGGACA	1	1	1	1
CCGGAGAAACACGCAATTGCTGGGCTTCATC	1	1	1	1
GCCATGGCGCTCTCCAAGGAGCTGACCAACC	1	0	1	1
